阿城,黑龙江省哈尔滨市阿城区会宁路61号,√,√,√
阿尔山北,内蒙古自治区兴安盟阿尔山市伊尔施街道办事处新区社区,√, , 
阿里河,内蒙古自治区呼伦贝尔盟鄂伦春自治旗阿里河镇,√,√,√
阿龙山,内蒙古自治区呼伦贝尔根河市阿龙山镇,√, , 
阿木尔,黑龙江省大兴安岭地区漠河县劲涛镇,√, , 
安达,黑龙江省安达市铁路街,√,√,√
安家,黑龙江省五常市安家镇,√, , 
昂昂溪,黑龙江省齐齐哈尔市昂昂溪区陵园路23号,√,√,√
八面通,黑龙江省穆棱市八面通镇,√,√,√
巴林,内蒙古自治区牙克石市巴林镇巴林车站,√, , 
白奎堡,黑龙江省哈尔滨市呼兰区白奎镇,√, , 
宝林,黑龙江省林口县龙爪乡宝林村,√, , 
宝泉岭,黑龙江省鹤岗市萝北县宝泉岭镇哈萝公路西侧,√, , 
北安,黑龙江省北安市,√,√,√
背荫河,黑龙江省五常市背荫河镇,√, , 
笔架山,黑龙江省双鸭山市集贤兴安乡,√, , 
滨江,黑龙江省哈尔滨市道外区滨江街28号,√, , 
勃利,黑龙江省勃利县城西街站前路84号,√,√,√
博克图,内蒙古自治区牙克石市博克图镇大直街博克图站,√,√,√
柴河,黑龙江省海林市柴河镇,√,√,√
长汀镇,黑龙江省海林市,√, , 
辰清,None,√, , 
晨明,黑龙江省伊春市南岔区晨明镇,√, , 
成高子,黑龙江省哈市香坊区哈成路158号,√, , 
成吉思汗,内蒙古自治区扎兰屯市成吉思汗镇大汗路成吉思汗车站,√, , 
楚山,黑龙江省林口县龙爪乡楚山村,√, , 
嵯岗,None,√, , 
大庆,黑龙江省大庆市萨尔图区中桥路51号,√,√,√
大庆东,大庆市龙凤区民安路88号,√, , 
大庆西,黑龙江省大庆市让湖路区西虹路40号,√,√,√
大兴,黑龙江省泰来县大兴镇大兴车站,√, , 
大雁,内蒙古自治区鄂温克旗巴彦镇前卫街大雁站,√,√,√
大杨树,内蒙古自治区呼伦贝尔盟鄂伦春自治旗大杨树镇,√,√,√
带岭,黑龙江省伊春市带岭区,√,√,√
得耳布尔,内蒙古呼伦贝尔根河市得耳布尔镇,√, , 
滴道,黑龙江省鸡西市滴道区白云委,√, , 
东边井,黑龙江省绥化市海伦市东风镇,√, , 
东二道河,黑龙江省抚远市,√, , 
东方红,黑龙江省东方红镇铁路委,√,√,√
东海,黑龙江省鸡东县东海镇乡直委,√, , 
东津,黑龙江省绥化市北林区东津镇,√, , 
东京城,黑龙江省宁安市东京城镇,√,√,√
东门,黑龙江省哈尔滨市香坊区铁东街8号（非客运营业站）, , , 
对青山,黑龙江省哈尔滨市松北区对青山镇铁路街,√, , 
二道湾,黑龙江省富裕县友谊乡二道湾车站,√, , 
二龙山屯,黑龙江省黑河市五大连池市,√, , 
丰乐镇,黑龙江省双鸭山市集贤县丰乐镇南侧,√, , 
冯屯,黑龙江省富裕县塔哈乡冯屯车站,√, , 
福利屯,黑龙江省双鸭山市集贤县福双路立交桥头南侧,√,√,√
抚远,黑龙江省抚远市,√,√,√
富海,黑龙江省富裕县富海镇富海车站,√, , 
富锦,黑龙江省富锦市锦绣大街站前路,√,√,√
富拉尔基,黑龙江省齐齐哈尔市富拉尔基区安全路84号,√,√,√
富裕,黑龙江省富裕县站前街富裕车站,√,√,√
甘河,内蒙古自治区呼伦贝尔盟鄂伦春自治旗甘河镇,√,√,√
根河,内蒙古自治区呼伦贝尔盟根河市,√,√,√
沟口,非客运营业站, , , 
古城镇,黑龙江省牡丹江市林口县古城镇,√, , 
古莲,黑龙江省大兴安岭地区漠河县古莲镇,√, , 
哈尔滨,黑龙江省哈尔滨市南岗区铁路街1号,√,√,√
哈尔滨北,哈尔滨市江北利民大道，外国语学院斜对面,√, , 
哈尔滨东,哈尔滨市道外区桦树街1号,√,√,√
哈尔滨西,黑龙江省哈尔滨市南岗区哈尔滨大街501号,√, ,√
哈克,非客运营业站,√, , 
哈拉苏,内蒙古自治区扎兰屯市哈拉苏镇哈拉苏车站,√, , 
海北,黑龙江省绥化市海伦市海北镇,√, , 
海拉尔,内蒙古自治区呼伦贝尔市海拉尔区靠山街60号,√,√,√
海林,黑龙江省海林市海林镇,√,√,√
海伦,None,√,√,√
寒葱沟,黑龙江省抚远市,√, , 
浩良河,黑龙江省伊春市南岔区浩良河镇,√,√,√
鹤北,黑龙江省鹤岗市萝北县鹤北镇,√, , 
鹤岗,黑龙江省鹤岗市向阳区老站路,√,√,√
鹤立,黑龙江省佳木斯市汤原县鹤立镇忠诚街,√, , 
黑河,黑龙江省黑河市,√,√,√
黑台,黑龙江省密山市黑台镇,√, , 
横道河子,黑龙江省海林市横道河子镇,√,√,√
红山,黑龙江省伊春市,√, , 
红兴隆,黑龙江省双鸭山市友谊县兴隆镇,√,√,√
红星,红星林业局锦绣小区环形道南侧,√, , 
红彦,内蒙古自治区呼伦贝尔盟莫力达瓦达乌尔族自治旗红彦镇,√, , 
洪河,黑龙江省抚远市,√, , 
呼兰,黑龙江省哈尔滨市呼兰区,√,√,√
呼源,黑龙江省大兴安岭地区呼中区呼源镇（线路不达标临时停运）,√,√,√
呼中,黑龙江省大兴安岭地区呼中区呼中镇（线路不达标临时停运）,√,√,√
虎林,黑龙江省虎林市虎林镇站前街1号,√,√,√
桦林,黑龙江省牡丹江市阳明区桦林镇,√, , 
桦南,黑龙江省佳木斯市桦南县铁西街北段,√,√,√
换新天,黑龙江农垦总局建三江分局创业农场,√, , 
鸡东,黑龙江省鸡东县鸡东镇振兴大街100号,√,√,√
鸡西,黑龙江省鸡西市鸡冠区兴国中路138号,√,√,√
吉文,内蒙古自治区呼伦贝尔盟鄂伦春自治旗吉文镇,√, , 
加格达奇,黑龙江省大兴安岭地区加格达奇区,√,√,√
佳木斯,黑龙江省佳木斯市站前路179号,√,√,√
建三江,黑龙江农垦总局建三江分局站前路,√, , 
江桥,黑龙江省泰来县江桥镇江桥车站,√, , 
姜家,乘降点,√, , 
金河,内蒙古呼伦贝尔根河市金河镇,√, , 
金山屯,黑龙江省伊春市金山屯区铁路街,√, , 
锦河,黑龙江省黑河市锦河农场,√, , 
九三,黑龙江省嫩江县双山镇九三车站,√,√,√
峻德,黑龙江省鹤岗市兴安区,√, , 
康金井,黑龙江省哈尔滨市呼兰区康金镇,√,√,√
克东,黑龙江省齐齐哈尔市克东县宝泉镇,√,√,√
克山,黑龙江省齐齐哈尔市克山县克山镇,√,√,√
克一河,内蒙古自治区呼伦贝尔盟鄂伦春自治旗克一河镇,√,√,√
库都尔,内蒙古呼伦贝尔牙克石市库都尔镇,√, , 
奎山,黑龙江省林口县奎山乡奎山村,√, , 
拉古,黑龙江省海林市横道河子镇,√, , 
拉哈,黑龙江省讷河市拉哈镇东岗街拉哈车站,√,√,√
拉林,黑龙江省五常市拉林镇铁路街,√, , 
喇嘛甸,黑龙江省大庆市让湖路区喇嘛甸镇,√, , 
兰岗,黑龙江省宁安市兰岗乡,√, , 
兰棱,黑龙江省双城市兰棱镇,√, , 
朗乡,黑龙江省伊春市铁力市朗乡镇,√,√,√
老莱,黑龙江省讷河市老莱镇老莱车站,√, , 
梨树镇,黑龙江省鸡西市梨树区,√,√,√
李家,黑龙江省黑河市北安市李家村,√, , 
里木店,黑龙江省肇东市里木店镇,√, , 
莲江口,黑龙江省佳木斯市郊区莲江口镇镇北社区87委,√, , 
林海,黑龙江省大兴安岭地区新林区新林镇,√, , 
林口,黑龙江省林口县林口镇站前大街329号,√,√,√
林源,黑龙江省大庆市大同区林源镇北街1号,√, , 
六合镇,黑龙江省讷河市六合镇六合镇车站,√, , 
龙江,黑龙江省龙江县正阳街8号,√,√,√
龙镇,黑龙江省黑河市五大连池市龙镇镇,√,√,√
麻山,黑龙江省鸡西市麻山区东麻山村,√, , 
马莲河,黑龙江省宁安市马河乡,√, , 
马桥河,已关闭,√, , 
满归,内蒙古自治区呼伦贝尔盟根河市满归镇,√, , 
满洲里,内蒙古自治区满洲里市南区一道街铁路车站,√,√,√
帽儿山,黑龙江省尚志市帽儿山镇市场街,√, , 
美溪,黑龙江省伊春市美溪区曙光街426号,√,√,√
孟家岗,黑龙江省佳木斯市桦南县孟家岗镇,√, , 
密山,黑龙江省密山市密山镇光复街,√,√,√
免渡河,内蒙古自治区牙克石市免渡河镇站前路免渡河站,√,√,√
庙台子,黑龙江省哈尔滨市松北区松浦镇（非客运营业站）, , , 
磨刀石,黑龙江省穆棱市磨刀石镇,√, , 
莫尔道嘎,内蒙古自治区额尔古纳市莫尔道嘎镇,√, , 
漠河,黑龙江省大兴安岭地区漠河县,√,√,√
牡丹江,黑龙江省牡丹江市光华街643号,√,√,√
穆棱,黑龙江省穆棱市穆棱镇,√, , 
南岔,黑龙江省伊春市南岔区站前街,√,√,√
南木,内蒙古自治区扎兰屯市南木乡南木车站,√, , 
讷河,黑龙江省讷河市铁路街讷河车站,√,√,√
嫩江,黑龙江省嫩江县站前大街嫩江车站,√,√,√
碾子山,黑龙江省齐齐哈尔市碾子山区沿河路53号,√,√,√
宁安,黑龙江省宁安市宁安镇,√,√,√
牛家,黑龙江省五常市牛家镇,√, , 
裴德,黑龙江省密山市裴德镇,√, , 
平房,黑龙江省哈尔滨市平房区联盟大街49号,√,√,√
平山,黑龙江省哈尔滨市阿城区平山镇,√,√,√
平洋,黑龙江省泰来县平洋镇平洋车站,√, , 
七台河,黑龙江省七台河市新兴区兴华街４９号,√,√,√
齐齐哈尔,黑龙江省齐齐哈尔市站前大街130号,√,√,√
齐齐哈尔南,齐齐哈尔市龙沙区嫩江环路1号,√, , 
前锋,黑龙江省抚远市,√, , 
前进镇,黑龙江省同江市前进农场,√, , 
秦家,黑龙江省绥化市北林区秦家镇,√, , 
青山,黑龙江省林口县青山乡青山村,√, , 
庆安,黑龙江省绥化市庆安县庆安镇,√,√,√
三间房,黑龙江省齐齐哈尔市昂昂溪区榆树屯镇友谊社区三站街,√, , 
山市,黑龙江省海林市山市镇,√,√,√
尚家,乘降点,√, , 
尚志,黑龙江省尚志市站前路,√,√,√
神树,黑龙江省伊春市铁力市桃山镇神树村,√,√,√
沈家,黑龙江省哈尔滨市呼兰区沈家镇,√, , 
石磷,鸡西市梨树区石场村,√, , 
石人城,黑龙江省哈尔滨市呼兰区石人镇,√, , 
石头,黑龙江省宁安市石岩镇,√, , 
双城堡,黑龙江省双城市车站街,√,√,√
双城北站,黑龙江省哈尔滨市双城区双城镇光明村温家屯双城北站,√, , 
双丰,黑龙江省伊春市铁力市双丰镇,√,√,√
双鸭山,黑龙江省双鸭山市尖山区站前路,√,√,√
四方台,黑龙江省绥化市北林区四方台镇,√, , 
宋,黑龙江省肇东市宋站镇,√, , 
绥芬河,黑龙江省绥芬河市站前路36号,√,√,√
绥化,黑龙江省绥化市北林区,√,√,√
绥棱,黑龙江省绥化市绥棱县绥棱镇,√,√,√
绥阳,黑龙江省东宁县绥阳镇,√,√,√
孙家,黑龙江省哈尔滨市通乡街65号,√,√,√
孙吴,黑龙江省黑河市孙吴县孙吴镇,√,√,√
塔尔气,内蒙古自治区牙克石市塔尔气镇,√, , 
塔哈,黑龙江省富裕县塔哈乡塔哈车站,√, , 
塔河,黑龙江省大兴安岭地区塔河县,√,√,√
苔青,乘降点,√, , 
太平镇,黑龙江省双鸭山市集贤县大平镇,√, , 
泰康,黑龙江省大庆市杜尔伯特蒙古族自治县向阳街,√,√,√
泰来,黑龙江省泰来县铁东街泰来车站,√,√,√
汤池,黑龙江省泰来县汤池镇汤池车站,√, , 
汤旺河,黑龙江省伊春市汤旺河区向阳街125号,√, , 
汤原,黑龙江省佳木斯市汤原县铁路街,√,√,√
桃山,黑龙江省伊春市铁力市桃山镇,√,√,√
铁力,黑龙江省伊春市铁力市铁力镇,√,√,√
通北,黑龙江省黑河市、北安市通北镇,√,√,√
同江,同江市同三路南路同江火车站同江地铁有限公司,√, , 
图里河,内蒙古自治区呼伦贝尔牙克石市图里镇,√,√,√
图强,黑龙江省大兴安岭地区漠河县图强镇,√, , 
团结,黑龙江省讷河市兴旺乡团结车站,√, , 
完工,非客运营业站,√, , 
万发屯,黑龙江省绥化市北林区万发镇,√, , 
万乐,黑龙江省哈尔滨市松北区乐业乡（乘降所）,√, , 
王岗,黑龙江省哈尔滨市王岗镇,√, , 
王兆屯,黑龙江省哈尔滨市香坊区文政街99号,√, , 
苇河,黑龙江省尚志市苇河镇,√,√,√
卫星,黑龙江省虎林市虎林镇850农场,√, , 
温春,黑龙江省牡丹江市西安区温春镇,√,√,√
倭肯,黑龙江省七台河市勃利县倭肯镇,√, , 
卧里屯,黑龙江省大庆市龙凤区卧里屯大街1号,√,√,√
乌尔旗汗,内蒙古自治区呼伦贝尔牙克石市乌尔旗汗镇,√,√,√
乌奴耳,内蒙古自治区牙克石市乌奴耳镇道北乌奴耳站,√, , 
乌伊岭,黑龙江省伊春市乌伊岭林业局林铁街,√, , 
五常,黑龙江省五常市通达大街101号,√,√,√
五大连池,黑龙江省黑河市五大连池市,√, , 
五家,黑龙江省双城市五家镇,√, , 
五营,黑龙江省伊春市五营区壮林街,√,√,√
西岗子,黑龙江省黑河市爱辉区西岗镇,√, , 
西林,黑龙江省伊春市西林区繁荣街,√,√,√
西麻山,黑龙江省鸡西市麻山区车站委,√, , 
下城子,黑龙江省穆棱市下城子镇,√,√,√
香坊,黑龙江省哈尔滨市香坊区通站街118号,√, , 
香兰,黑龙江省佳木斯市汤原县香兰镇,√,√,√
襄河,黑龙江省黑河市襄河农场,√, , 
向阳,黑龙江省林口县龙爪乡向阳村,√, , 
小岭,黑龙江省哈尔滨市阿城区小岭镇小岭街,√, , 
小扬气,黑龙江省大兴安岭地区松岭区小扬气镇,√, , 
新绰源,内蒙古自治区牙克石市绰尔镇,√, , 
新华,黑龙江省鹤岗市兴安区新华镇,√, , 
新华屯,乘降点,√, , 
新林,黑龙江省大兴安岭地区新林区新林镇,√,√,√
新青,黑龙江省伊春市新青区新青大街,√,√,√
新松浦,黑龙江省哈尔滨市松北区松浦镇,√, , 
新友谊,黑龙江省双鸭山市友谊县,√,√,√
兴凯,黑龙江省密山市兴凯镇,√, , 
兴隆镇,黑龙江省绥化市巴彦县兴隆镇,√,√,√
杏树,黑龙江省七台河市勃利县杏树乡,√, , 
徐家,黑龙江省哈尔滨市呼兰区利民镇松源村,√, , 
牙克石,内蒙古自治区牙克石市迎宾街1号牙克石站,√,√,√
亚布力,黑龙江省尚志市亚布力镇,√,√,√
亚布力南,黑龙江省尚志市亚布力镇,√, , 
烟筒屯,乘降点,√, , 
羊草,乘降点,√, , 
杨岗,黑龙江省虎林市杨岗镇杨岗村,√, , 
一面坡,黑龙江省尚志市一面坡镇,√,√,√
伊春,黑龙江省伊春市伊春区新兴东大街4号,√,√,√
伊拉哈,黑龙江省嫩江县伊拉哈镇伊拉哈车站,√, , 
伊林,非客运营业站，只有一个一节轨道车拉的摆渡车厢乘降旅客, , , 
伊敏,内蒙古自治区呼伦贝尔市鄂温克族自治旗伊敏河镇五牧场,√, , 
伊图里河,内蒙古自治区呼伦贝尔牙克石市图里镇,√,√,√
依安,黑龙江省依安县西南街依安车站,√,√,√
银浪,黑龙江省大庆市红岗区乘南12街,√　,√,√
迎春,黑龙江省虎林市迎春镇,√,√,√
永安乡,黑龙江省鸡东县永安镇农安委,√, , 
友好,黑龙江省伊春市友好区东升街,√, , 
榆树屯,黑龙江省齐齐哈尔市昂昂溪区榆树屯镇榆树屯车站,√,√,√
玉泉,黑龙江省哈尔滨市阿城区玉泉街道办事处酒厂大街1号,√,√,√
原林,非客运营业站,√, , 
扎赉诺尔,非客运营业站,√, , 
扎赉诺尔西,内蒙古自治区满洲里市扎赉诺尔矿区站前街,√,√,√
扎兰屯,内蒙古自治区扎兰屯市铁西路22号,√,√,√
扎罗木得,非客运营业站,√, , 
张维屯,黑龙江省绥化市北林区张维镇,√, , 
赵光,黑龙江省黑河市、北安市赵光镇,√,√,√
肇东,黑龙江省肇东市铁东一道街,√,√,√
周家,黑龙江省双城市周家镇,√,√,√
朱家沟,黑龙江省牡丹江市林口县朱家镇,√, , 

阿尔山,内蒙古自治区兴安盟阿尓山市,√,√,√
阿金,辽宁省阜新市阜蒙县人民街,√,√,√
安广,吉林省大安市安广镇,√,√,√
安平,辽宁省辽阳市弓长岭区安平街道,√, , 
安图,吉林省安图县明月镇明安街187号,√,√,√
鞍山,辽宁省鞍山市建国路1号,√,√,√
鞍山西,辽宁省鞍山市千山区宁远镇太阳气村,√, , 
敖力布告,内蒙古自治区通辽市科左中旗代力吉镇,√, , 
八角台,辽宁省锦州市太和区兴隆街道, , , 
八面城,辽宁省昌图县八面城镇站前委,√,√,√
八仙筒,内蒙古自治区通辽市奈曼旗八仙筒镇,√, , 
鲅鱼圈,辽宁省营口市鲅鱼圈区熊岳城镇于园子村,√, , 
白城,吉林省白城市辽北路60号,√,√,√
白河,吉林省安图县二道白河镇站前街站,√,√,√
白狼,内蒙古自治区阿尔山市白狼镇,√, , 
白泉,吉林省东辽县东交大街157号,√, , 
白山市,吉林省白山市八道江区东兴街17号,√,√,√
白石山,吉林省蛟河市白石山镇铁北街1号,√, , 
白音胡硕,内蒙古自治区兴安盟科尔沁右翼中旗白音胡硕镇,√,√,√
白音他拉,内蒙古自治区通辽市奈曼旗白音他拉镇,√, , 
宝龙山,内蒙古自治区通辽市科左中旗宝龙山镇,√, , 
保康,内蒙古自治区通辽市科左中旗保康镇科尔沁大街,√,√,√
北票南,辽宁省北票市大板镇金岭寺村,√, , 
北台,辽宁省本溪市平山区北台街道办事处, , , 
本溪,辽宁省本溪市平山区站前3号,√,√,√
本溪湖,辽宁省本溪市溪湖区民主路站前街, , , 
本溪新城,本溪市歪头山镇日月岛街道,√, , 
布海,吉林省德惠市布海乡,√, , 
蔡家沟,吉林省松原市扶余县蔡家沟镇道西街,√, , 
苍石,辽宁省清原县红透山镇苍石村,√, , 
草河口,辽宁省本溪市本溪满族自治县草河口镇,√, , 
草市,辽宁省清原县草市镇市府路20号,√, , 
查干湖,吉林省前郭尔罗斯蒙古族自治县查干湖镇,√, , 
柴岗,吉林省农安县哈拉海镇柴岗村,√, , 
昌图,辽宁省铁岭市昌图县站前街,√,√,√
昌图西,辽宁省昌图县昌图镇二高地村,√, , 
长春,吉林省长春市宽城区长白路5号,√,√,√
长春南,吉林省长春市朝阳区开运街3881号, , , 
长春西,吉林省长春市绿园区站前街,√, , 
长甸,辽宁省丹东市宽甸满族自治县长甸镇,√, , 
长岭子,辽宁省大连市旅顺口区长城街道, , , 
长山屯,吉林省前郭尔罗斯蒙古族自治县长山镇,√,√,√
朝阳,辽宁省朝阳市双塔区友谊大街3段1号,√,√,√
朝阳川,吉林省延吉市朝阳川镇铁北路4号,√, , 
朝阳地,河北省承德市围场县朝阳地镇,√, , 
朝阳镇,吉林省辉南县朝阳镇站前路42号,√,√,√
陈相屯,辽宁省沈阳市苏家屯区陈相镇,√, , 
城子坦,辽宁省大连市普兰店区城子坦镇大卢村,√, , 
赤峰,内蒙古自治区赤峰市红山区昭乌达路1段1号,√,√,√
赤峰西,内蒙古自治区赤峰市穆家营子镇站前大街,√, , 
春阳,吉林省汪清县春阳镇春光村,√, , 
达家沟,吉林省德惠市达家沟镇,√, , 
大安,吉林省大安市锦华街道,√, , 
大安北,吉林省大安市安北街道,√,√,√
大巴,辽宁省阜新县大巴镇杜代村, , , 
大堡,辽宁省凤城市大堡蒙古族镇,√, , 
大成,辽宁省沈阳市皇姑区明廉街193号,√, , 
大官屯,辽宁省抚顺市新抚区千金路56号,√, , 
大红旗,辽宁省新民市大红旗镇北街8号,√, , 
大虎山,辽宁省黑山县大虎山镇水泉路,√, , 
大连,辽宁省大连市中山区长江路259号,√,√,√
大连北,辽宁省大连市甘井子区华北路,√, , 
大林,内蒙古自治区通辽市大林镇,√, , 
大平房,辽宁省朝阳市龙城区大平房镇,√, , 
大青沟,内蒙古自治区通辽市科左后旗大青沟村,√, , 
大石桥,辽宁省大石桥市团结路2号,√,√,√
大石头,吉林省敦化市大石头镇金融社区三组,√,√,√
大石寨,内蒙古自治区兴安盟科右前旗大石寨镇,√, , 
大屯,吉林省长春市朝阳区富锋镇环山路600号,√, , 
大兴沟,吉林省汪清县大兴沟镇大兴路1号,√, , 
大营子,辽宁省朝阳市龙城区半拉山街半拉山村, , , 
丹东,辽宁省丹东市振兴区五经街2号丹东站,√,√,√
刀尔登,辽宁省凌源市刀尔登镇南营子村,√, , 
到保,吉林省白城市洮北区到保镇,√, , 
None,吉林省白山市浑江区六道江镇,√, , 
得胜台,辽宁省铁岭市凡河镇阮家村,√, , 
德伯斯,内蒙古自治区兴安盟科右前旗德佰斯镇,√, , 
德惠,吉林省德惠市沐德街66号,√,√,√
德惠西,吉林省德惠市迎新村,√, , 
灯塔,辽宁省灯塔市站前街1号,√, , 
登沙河,辽宁省大连市金州区登沙河镇台底村,√, , 
东丰,吉林省东丰县东丰镇站前大街,√,√,√
东来,内蒙古自治区通辽市开鲁县东来镇,√, , 
东明村,内蒙古自治区通辽市奈曼旗东明村镇,√, , 
东通化,吉林省通化市二道江区东通化大街16号,√, , 
东辛庄,辽宁省兴城市东辛庄镇东一街,√, , 
杜家,黑龙江省五常市杜家镇,√, , 
敦化,吉林省敦化市东环城路15号,√,√,√
二龙,内蒙古自治区赤峰市宁城县汐子镇,√, , 
二密河,吉林省通化县二密河镇,√, , 
范家屯,吉林省公主岭市范家屯镇胜利街,√, , 
凤城东,凤城市草河区保卫村,√, , 
凤凰城,辽宁省凤城市凤山区苗可秀街,√,√,√
扶余,吉林省扶余县西南街太祖路18号,√,√,√
扶余北,吉林省松原市扶余市三岔河镇,√, , 
抚顺北,辽宁省抚顺市顺城区新华大街27号,√,√,√
抚松,吉林省白山市抚松县,√, , 
阜新,辽宁省阜新市海州区振兴路82号,√,√,√
嘎什甸子,内蒙古自治区通辽市奈曼旗东明镇嘎什甸子村,√, , 
盖州,辽宁省盖州市站前街,√,√,√
盖州西,辽宁省盖州市团山镇石屯村,√, , 
干沟,吉林省通化县干沟村,√, , 
甘旗卡,内蒙古自治区通辽市科左后旗甘旗卡镇铁西路妈拉沁街,√,√,√
高岭,辽宁省葫芦岛市绥中县高岭镇, , , 
高桥镇,辽宁省葫芦岛市连山区高桥经济开发区,√, , 
高山子,辽宁省北镇市高山子镇,√, , 
革镇堡,辽宁省大连市甘井子区革镇堡镇后革村, , , 
葛根庙,内蒙古自治区兴安盟根庙镇,√, , 
蛤蟆塘,辽宁省丹东市元宝区金山镇,√, , 
工农湖,吉林省乾安县大布苏工业园区,√, , 
公营子,辽宁省朝阳市喀左县公营子镇,√, , 
公主岭,吉林省公主岭市七道街13号,√,√,√
公主岭南,吉林省公主岭市环岭乡石人村,√, , 
沟帮子,辽宁省北镇市沟帮子镇站前街,√,√,√
菇园,吉林省通化市二道江区五道江镇,√, , 
官字井,吉林省松原市乾安县道字乡,√, , 
灌水,辽宁省丹东市宽甸满族自治县灌水镇,√, , 
广宁寺,辽宁省大连市金州保税区二十里堡镇赵家村,√, , 
归流河,内蒙古自治区兴安盟科右前旗归流河镇,√, , 
郭家店,吉林省梨树县郭家店镇,√, , 
None,吉林省通化县果松镇,√, , 
哈拉海,吉林省农安县哈拉海镇,√, , 
海城,辽宁省海城市站前街1号,√,√,√
海城西,辽宁省海城市东四镇二大堡村,√, , 
海龙,吉林省梅河口市海龙镇挺进街3委15组, , , 
海坨子,吉林省大安市海坨子乡前进村,√, , 
寒岭,辽宁省辽阳市辽阳县孤家子镇,√, , 
和龙,吉林省和龙市站前街46号,√, , 
黑水,吉林省洮南市黑水镇,√, , 
红花沟,内蒙古自治区赤峰市松山区王府镇,√, , 
红旗,辽宁省凌海市白台子乡张家村, , , 
葫芦岛,辽宁省葫芦岛市连山区站前街,√,√,√
葫芦岛北,辽宁省葫芦岛市连山区锦郊乡地藏寺村,√, , 
虎石台,辽宁省沈阳市沈北新区虎石台镇建设南一路01号,√, , 
花园口,辽宁省大连市花园口经济开发区,√, , 
华家,吉林省农安县华家镇,√, , 
皇姑屯,辽宁省沈阳市皇姑区天山南路21号,√, , 
None,吉林省集安市太王乡双安村,√, , 
黄花筒,内蒙古自治区通辽市奈曼旗八仙筒镇西衙村南,√, , 
黄泥河,吉林省敦化市黄泥河镇曙光委,√,√,√
黄松甸,吉林省蛟河市黄松甸镇,√, , 
浑河,辽宁省沈阳市东陵区浑河站西街道浑河火车站,√, , 
火连寨,辽宁省本溪市溪湖区火连寨镇, , , 
霍林郭勒,内蒙古自治区霍林郭勒市滨河南路,√,√,√
鸡冠山,辽宁省凤城市鸡冠山镇,√, , 
吉林,吉林省吉林市昌邑区重庆路1号,√,√,√
吉舒,吉林省舒兰市吉舒街迎宾路2号,√,√,√
集安,吉林省集安市站前北街34号,√,√,√
纪家沟,河北省围场县克勒沟镇大苇子沟村（辽房1号）,√, , 
夹心子,辽宁省普兰店市皮口镇夹心社区, , , 
建安,吉林省东辽县建安镇,√, , 
建昌,辽宁省葫芦岛市建昌县建绥路9号,√,√,√
建设,吉林省大安市西大洼乡建设村,√, , 
None,吉林省白山市江源区孙家堡镇,√, , 
蛟河,吉林省吉林市蛟河市车站街,√,√,√
街基,黑龙江省泰来县泰来镇绿化村, , , 
金宝屯,内蒙古自治区通辽市科左后旗金宝屯镇,√, , 
金坑,辽宁省本溪市南芬区金坑村, , , 
金杖子,辽宁省喀左县山嘴子镇山嘴子村,√, , 
金州,辽宁省大连市金州区中长街2号,√,√,√
锦州,辽宁省锦州市凌河区延安路4段4号,√,√,√
锦州南,辽宁省锦州市松山新区南三道壕,√, , 
靖宇,吉林省白山市靖宇县国防路,√, , 
九台,吉林省九台市九台大街76号,√,√,√
九台南,吉林省九台市西营城镇,√, , 
巨宝,吉林省松原市长岭县巨宝镇,√, , 
开安,吉林省农安县开安镇,√, , 
开通,吉林省白城市通榆县开通镇,√,√,√
开原,辽宁省开原市站前广场1号,√,√,√
开原西,辽宁省开原市八宝镇和顺村,√, , 
口前,吉林省永吉县口前镇铁北街站前路5号,√,√,√
库伦,内蒙古自治区通辽市库伦旗,√,√,√
宽甸,辽宁省宽甸满族自治县宽甸镇站前街36号,√, , 
老边,辽宁省营口市老边区龙山街,√, , 
老府,内蒙古自治区赤峰市松山区老府镇河东村,√, , 
老营,吉林省白山市八道江区六道江镇,√, , 
连山关,辽宁省本溪满族自治县连山关镇,√, , 
两家,吉林省大安市两家子镇,√, , 
亮甲店,辽宁省大连市金州区亮甲店镇, , , 
辽阳,辽宁省辽阳市中华大街1段1号,√, , 
辽源,吉林省辽源市辽河大路2号,√,√,√
辽中,辽宁省沈阳市辽中县辽中镇孙家万村,√, , 
临江,吉林省临江市新市街,√,√,√
凌海,辽宁省凌海市铁南路,√,√,√
凌源,辽宁省凌源市红山路西段179-11,√,√,√
凌源东,辽宁省凌源市光明路127号,√, , 
刘家店,吉林省榆树市刘家镇开发街450号,√, , 
刘家河,辽宁省凤城市刘家河镇,√, , 
柳河,吉林省通化市柳河县站前路122号,√,√,√
柳树屯,辽宁省葫芦岛市连山区寺儿堡乡营盘村,√, , 
龙嘉,吉林省长春市九台区机场路1号,√, , 
龙井,吉林省龙井市龙井街138号,√, , 
龙爪沟,辽宁省宽甸满族自治县灌水镇龙爪沟村,√, , 
露水河,吉林省抚松县露水河镇站前街,√,√,√
鹿道,黑龙江省宁安市马河乡鹿道村,√, , 
旅顺,辽宁省大连市旅顺口区井岗街8号, , , 
马林,内蒙古自治区赤峰市元宝山区元宝山镇马林第一居委会,√, , 
马三家,辽宁省沈阳市于洪区马三家镇御道西路,√, , 
茂林,吉林省双辽市茂林镇,√, , 
梅河口,吉林省梅河口市站前路1号,√,√,√
米沙子,吉林省德惠市米沙子镇,√, , 
庙岭,吉林省汪清县大兴沟镇庙岭村,√, , 
明城,吉林省磐石市明城镇,√,√,√
明水河,内蒙古自治区兴安盟阿尔山市明水河镇,√, , 
木里图,内蒙古自治区通辽市木里图镇,√, , 
乃林,内蒙古自治区赤峰市喀喇沁旗乃林镇,√, , 
奈曼,内蒙古自治区通辽市大沁他拉镇,√,√,√
南芬,辽宁省本溪市南芬区街里14组,√, , 
南芬北,本溪市南芬区金坑村4组,√, , 
南关岭,辽宁省大连市甘井子区南岭街40号, , , 
南口前,辽宁省抚顺市清原满族治自县南口前镇河北街,√, , 
南桥,辽宁省葫芦岛市建昌县黑山科乡,√, , 
南台,辽宁省海城市南台镇, , , 
南杂木,辽宁省抚顺市新宾满族治自县南杂木镇车站街,√, , 
能家,辽宁省北票市八家子乡,√, , 
泥河子,辽宁省锦州市义县义州镇前扬乡, , , 
宁家,内蒙古自治区兴安盟宁家镇,√, , 
牛心台,辽宁省本溪市明山区牛心台镇, , , 
农安,吉林省农安县站前街199号,√, , 
盘锦,辽宁省盘锦市双台子区双兴北路,√, , 
盘锦北,辽宁省盘锦市盘山县甜水镇孙家村,√, , 
磐石,吉林省磐石市站前路1号,√,√,√
泡子,辽宁省阜新县泡子镇站前街001号,√, , 
皮口,辽宁省大连市普兰店区皮口镇石固村董屯,√, , 
偏岭,辽宁省本溪市本溪县高官镇,√, , 
瓢儿屯,辽宁省抚顺市望花区锦州路东段37号,√, , 
平安,吉林省舒兰市平安镇,√, , 
平安镇,吉林省白城市洮北区平安镇,√, , 
平岗,吉林省东辽县泉太镇, , , 
平台,吉林省白城市洮北区平台镇,√, , 
平庄,内蒙古自治区赤峰市元宝山区平庄镇,√,√,√
平庄南,内蒙古自治区赤峰市喀拉沁旗乃林镇？,√, , 
普兰店,辽宁省普兰店市站前街1-1号,√,√,√
普湾,辽宁省大连市普湾新区石河镇,√, , 
七里河,辽宁省锦州市义县七里河镇, , , 
祁家堡,辽宁省本溪满族自治县草河口镇祁家堡村,√, , 
前卫,凌海葫芦岛市绥中县前卫镇长江村,√, , 
乾安,吉林省松原市乾安县水字井镇,√,√,√
桥头,辽宁省本溪市平山区桥头镇兴隆村,√, , 
青堆,辽宁省庄河市青堆镇双利村,√, , 
清河门,辽宁省阜新市清河门区南昌路,√, , 
清原,辽宁省抚顺市清原县柴河路-49号,√,√,√
庆丰,吉林省长岭县三十号乡,√, , 
None,吉林省白山市抚松县泉阳镇长林街,√, , 
绕阳河,辽宁省锦州市黑山县绕阳河镇,√, , 
热水,内蒙古自治区赤峰市元宝山区美丽河镇,√, , 
三道湖,吉林省白山市抚松县三道湖村,√, , 
三江口,辽宁省昌图县三江口镇,√, , 
三十家,辽宁省凌源市三十家子镇南街村,√, , 
三十里堡,辽宁省大连市金州区三十里堡站民胜街38号,√, , 
三台,辽宁省沈阳市于洪区光辉乡,√, , 
三义井,内蒙古自治区赤峰市敖汉旗长胜镇三义井村,√, , 
三源浦,吉林省通化市柳河县三源浦镇,√, , 
沙海,辽宁省建平县沙海乡本街,√, , 
沙河口,辽宁省大连市沙河口区中长街1号, , , 
沙后所,辽宁省兴城市沙后所镇西关村,√, , 
山城镇,吉林省梅河口市山城镇团结街,√,√,√
山海关,河北省秦皇岛市山海关区南关大街1号,√,√,√
山河屯,黑龙江省五常市山河镇站前街,√,√,√
上园,辽宁省北票市上园镇上园村,√, , 
舍力虎,内蒙古自治区通辽市奈曼旗大沁他拉镇西店子村,√, , 
深井子,辽宁省沈阳市东陵区深井子镇,√, , 
沈阳,辽宁省沈阳市和平区胜利南街2号,√,√,√
沈阳北,辽宁省沈阳市沈河区北站路102号,√,√,√
沈阳东,辽宁省沈阳市大东区东站街1号,√, , 
None,吉林省白山市江源区石人镇,√, , 
石城,辽宁省凤城市石城镇,√, , 
石岭,吉林省梨树县石岭西街23号,√, , 
石桥子,辽宁省本溪市石桥子镇石桥子街金桥路,√, , 
石山,辽宁省凌海市石山镇站前街,√, , 
石岘,吉林省图们市石岘镇七委,√, , 
首山,辽宁省辽阳市辽阳县首山镇7委, , , 
舒兰,吉林省舒兰市站前路3号,√,√,√
双河镇,吉林省吉林市永吉县双河镇,√, , 
双吉,吉林省吉林市经济开发区九站街道,√, , 
双羊店,辽宁省凌海市双羊店镇,√, , 
None,吉林省通化市二道江区鸭园镇东热村,√, , 
水泉,辽宁省凌源市宋杖子镇水泉村,√, , 
四道湾,内蒙古老哈河赤峰市敖汉旗四道湾镇六道湾村,√, , 
四合永,河北省承德市围场县四合永镇,√,√,√
四平,吉林省四平市英雄大街1号,√,√,√
四平东,吉林省四平市紫气大路1号,√, , 
松江河,吉林省白山市抚松县松江河镇,√,√,√
松江镇,吉林省安图县松江镇,√, , 
松树,辽宁省瓦房店市松树镇松树街423,√, , 
松树镇,吉林省白山市江源区松树镇,√, , 
松原,吉林省松原市乌兰大街2号,√,√,√
苏家屯,辽宁省沈阳市苏家屯区枫杨路1号,√, , 
绥中,辽宁省绥中县站前街4号,√,√,√
绥中北,辽宁省葫芦岛市绥中县城郊乡西园子村,√, , 
索伦,内蒙古自治区兴安盟科右前旗索伦镇,√, , 
台安,辽宁省鞍山市台安县台北区杜家村,√, , 
太平川,吉林省松原市长岭县太平川镇,√, , 
太阳升,黑龙江省大庆市大同区葡萄花镇,√, , 
汤山城,辽宁省丹东市汤山城镇,√, , 
唐家,辽宁省黑山县常兴镇唐家村, , , 
洮南,吉林省洮南市广场东路,√,√,√
陶家屯,吉林省公主岭市陶家屯镇,√, , 
陶赖昭,吉林省扶余县陶赖昭镇,√, , 
天岗,吉林省蛟河市天岗镇,√, , 
天桥岭,吉林省汪清县天桥岭镇站前街,√, , 
天义,内蒙古自治区赤峰市宁城县天义镇,√,√,√
田师府,辽宁省本溪满族自治县田师府镇, , , 
None,吉林省通化市二道江区铁厂镇,√, , 
铁岭,辽宁省铁岭市银州区光荣街38号,√, , 
铁岭西,辽宁省铁岭市西南凡河镇杨威楼村,√, , 
通沟,吉林省通化市柳河县柳南乡,√, , 
通化,吉林省通化市东昌区建设大街129号,√,√,√
通化县,吉林省通化县开发区河口村,√, , 
通辽,内蒙古自治区通辽市科尔沁区南顺大街14号,√,√,√
通途,吉林省前郭尔罗斯蒙古族自治县毛都站镇,√, , 
通远堡,辽宁省凤城市通远堡镇胜利街站前委,√, , 
通远堡西,凤城市通远堡镇二道房村,√, , 
图们,吉林省图们市光明街18号,√,√,√
吐列毛杜,内蒙古自治区兴安盟科右中旗吐列毛杜镇,√, , 
驼腰岭,吉林省通化市柳河县驼腰岭镇,√, , 
瓦房店,辽宁省瓦房店市东长春路一段解放街38-5,√,√,√
瓦房店西,辽宁省瓦房店市老虎屯镇大老虎村,√, , 
歪头山,辽宁省本溪市溪湖区歪头山镇柳峪村,√, , 
None,吉林省白山市江源区湾沟镇,√, , 
汪清,吉林省汪清县汪清镇东镇街45号,√,√,√
王府,吉林省松原市前郭县王府镇,√, , 
苇子沟,吉林省图们市长安镇长兴社区,√, , 
卫东,内蒙古自治区兴安盟卫东镇,√, , 
渭津,吉林省东辽县渭津镇, , , 
魏杖子,辽宁省凌源市刘杖子乡魏杖子村,√, , 
沃皮,吉林省德惠市米沙子镇,√, , 
乌兰浩特,内蒙古自治区兴安盟乌兰浩特市陵园路13号,√,√,√
吴家屯,辽宁省沈阳市苏家屯区吴家屯村,√, , 
五叉沟,内蒙古自治区阿尔山市五叉沟镇,√,√,√
五道沟,吉林省通化市柳河县五道沟镇,√, , 
五棵树,吉林省榆树市五棵树镇长安路499号,√, , 
五龙背,辽宁省丹东市振安区五龙背镇,√,√,√
五龙背东,丹东市振安区五龙背镇,√, , 
五女山,辽宁省本溪市桓仁满族自治县桓仁镇,√, , 
汐子,内蒙古自治区赤峰市宁城县汐子镇,√, , 
西丰,辽宁省西丰县西丰镇红旗路红光街,√, , 
西柳,辽宁省海城市西柳镇,√,√,√
西哲里木,内蒙古自治区兴安盟科右中旗巴仁哲里木苏木,√, , 
下马塘,辽宁省本溪市南芬区下马塘镇,√, , 
仙人桥,吉林省白山市抚松县仙人桥镇,√, , 
小东,辽宁省锦州市黑山县小东镇,√, , 
小河沿,内蒙古自治区赤峰市敖汉旗四道湾子镇白庙子村,√, , 
小平房,辽宁省朝阳市建平县万寿镇平安地村, , , 
小市,辽宁省本溪满族自治县小市镇站前街长江路47号,√, , 
谢家镇,吉林省榆树市谢家镇,√, , 
新城子,沈阳市沈北新区飞马街,√, , 
新立屯,辽宁省锦州市黑山县新立屯镇铁北社区铁北路8号,√,√,√
新立镇,吉林省榆树市新立镇,√, , 
新民,辽宁省新民市站前东路36号,√,√,√
新邱,辽宁省阜新市新邱区新邱大街2号,√, , 
新窝铺,内蒙古自治区赤峰市敖汉旗木头营子乡新窝铺村,√, , 
新肇,黑龙江省肇源县新站镇新肇街,√,√,√
兴城,辽宁省兴城市宁远街站前路,√,√,√
兴隆店,辽宁省新民市兴隆镇,√, , 
杏树屯,辽宁省大连市金州区杏树屯镇杏树村,√, , 
熊岳城,辽宁省营口市鲅鱼圈区熊岳镇站前街,√,√,√
许家屯,辽宁省瓦房店市许屯镇许屯街,√, , 
薛家,辽宁省锦州市太和区大薛乡, , , 
None,吉林省通化市二道江区鸭园镇鸭园街,√, , 
烟筒山,吉林省磐石市烟筒山镇站前街1号,√,√,√
延吉,吉林省延吉市站前街1333号,√,√,√
羊场,内蒙古自治区赤峰市敖汉旗种羊场,√,√,√
None,吉林省集安市阳岔乡,√, , 
杨树岭,河北省平泉县杨树岭镇,√, , 
杨杖子,辽宁省凌源市杨杖子镇,√, , 
姚家,吉林省德惠市菜园子镇姚家村,√, , 
姚千户屯,辽宁省沈阳市苏家屯区姚千户屯镇,√, , 
叶柏寿,辽宁省朝阳市建平县叶柏寿镇铁南街,√,√,√
一间堡,吉林长春市宽城区奋进乡,√, , 
一面山,辽宁省凤城市边门镇,√, , 
伊尔施,内蒙古自治区阿尔山市伊尔施镇,√, , 
伊通,吉林省伊通县伊通镇,√, , 
义县,辽宁省锦州市义县义州镇军民街迎宾路46,√,√,√
营城子,辽宁省大连市甘井子区营城子街, , , 
营口,辽宁省营口市站前区站前广场2号,√,√,√
营口东,辽宁省营口市老边区柳树镇前三岔子村,√, , 
余粮堡,内蒙古自治区通辽市科尔沁区余粮堡镇,√, , 
榆树,吉林省榆树市铁北路144号,√, , 
None,内蒙古自治区通辽市科尔沁区育新镇,√, , 
元宝山,内蒙古自治区赤峰市元宝山区元宝山镇玉皇村,√, , 
扎鲁特,内蒙古自治区霍林郭勒市扎鲁特旗黄花山镇,√,√,√
章党,辽宁省抚顺市东洲区章党路3号,√, , 
章古台,辽宁省阜新市彰武县章古台镇,√, , 
彰武,辽宁省阜新市彰武县铁东路2-38,√,√,√
镇赉,吉林省白城市镇赉县站前街,√,√,√
镇西,吉林省白城市洮北区镇西镇,√, , 
郑家屯,吉林省双辽市郑家屯街东村路1号,√,√,√
治安,内蒙古自治区通辽市奈曼旗治安镇,√, , 
周家屯,辽宁省锦州市义县头道河乡周家屯村,√, , 
周水子,辽宁省大连市甘井子区周水子广场8号, , , 
珠斯花,内蒙古自治区通辽市霍林郭勒市珠斯花,√, , 
庄河北,辽宁省庄河市徐岭镇衣屯村,√, , 
八达岭站,北京市延庆区八达岭镇,√, , 
霸州站,河北省霸州市迎宾路火车站,√,√,√
白涧站,河北省涞水县赵各庄镇,√, , 
百里峡站,河北省涞水县九龙镇苟各庄村,√, , 
宝坻站,天津市宝坻区火车站路1号,√, , 
保定东站,河北省保定市清苑区孙村乡大堤口村保定东站,√, , 
保定站,保定市新市区阳光南大街与百花路交叉路口向南约800米路东,√, , 
北戴河站,河北省秦皇岛市北戴河区站南大街54号,√, , 
北京北站,北京市西城区北滨河路1号, , , 
北京东站,北京市朝阳区百子湾路27号,√, , 
北京南站,北京市丰台区车站路12号,√, , 
北京西站,北京市丰台区莲花池东路118号,√,√,√
北京站,北京市东城区毛家湾胡同甲13号,√,√,√
北马圈子,河北省承德市鹰手营子矿区北马圈子镇,√, , 
滨海北站,天津市滨海新区茶淀街茶东村-滨海北站,√, , 
滨海站,天津市滨海新区站前东路110号,√, , 
泊头站,河北省泊头市胜利东路东端,√,√,√
沧州西站,河北省沧州市沧县北京路西端头,√, , 
沧州站,河北省沧州市新华区新华路44号,√,√,√
昌黎站,河北省秦皇岛市昌黎县民生街南端,√, , 
昌平北站,北京市昌平区鼓楼北街北侧昌平北火车站,√, , 
昌平站,北京市昌平区马池口下念头村, , , 
承德站,河北省承德市双桥区车站路235号,√,√,√
磁山站,河北省武安市磁山镇中孔壁村,√, , 
磁县站,河北省邯郸市磁县友谊路2号,√, , 
大营镇站,河北省衡水市枣强县大营镇站前街,√, , 
德州东站,山东省德州市经济开发区,√, , 
德州站,山东省德州市德城区迎宾路甲1号,√, , 
定州东站,河北省定州市大鹿庄乡小渡河村定州东站,√, , 
定州站,河北省定州市博陵北街62号,√,√,√
东光站,河北省沧州市东光县观州路106号,√,√,√
抚宁站,河北省秦皇岛市抚宁县迎宾路与102国道交叉环岛北200米铁工小区,√, , 
高碑店东站,河北省高碑店市方官镇庄窠村,√, , 
高碑店站,河北省高碑店市迎宾路1号,√,√,√
高邑西站,河北省石家庄市高邑县刘秀路西头,√, , 
高邑站,河北省石家庄市高邑县凤中路新建大街53号,√, , 
藁城站,河北省石家庄藁城市迎宾大道西25号,√, , 
官厅站,河北省张家口市怀来县官厅镇,√, , 
邯郸东站,河北省邯郸市邯郸县兼庄乡西军师堡村,√, , 
邯郸站,河北省邯郸市邯山区车站广场2号,√,√,√
衡水站,河北省衡水市桃城区中心街1号,√,√,√
怀柔北站,北京市怀柔区怀柔北站,√, , 
怀柔站,北京市怀柔区府前东街1号,√, , 
黄村站,北京市大兴区黄村镇林校路,√, , 
蓟州站,天津市蓟州城关镇火车站路1号,√, , 
晋州站,河北省石家庄晋州市沧石路南光明街1号,√,√,√
井店站,河北省涉县井店镇下庄,√, , 
井南站,河北省石家庄市井陉县天长镇,√, , 
井陉站,河北省石家庄市井陉县微水镇微水村,√, , 
静海站,天津市静海区东方红路与联盟大街交口,√,√,√
军粮城北站,天津市东丽区军粮城镇新安路1号,√, , 
康庄站,北京市延庆区康庄火车站,√, , 
临城站,河北省邢台市临城县东镇镇镇内街106号,√, , 
涞源站,河北省涞源县涞源火车站,√, , 
廊坊北站,河北省廊坊市广阳区解放道55号,√,√,√
廊坊站,河北省廊坊市安次区常甫路北端,√, , 
黎城站,山西省长治市黎城县广邯街2号,√, , 
龙华站,河北省衡水市景县龙华镇衡德路北,√, , 
隆化站,河北省承德市隆化县北安路8号,√,√,√
卢龙站,河北省秦皇岛市卢龙县印庄乡政府北700米,√, , 
潞城站,山西省潞城市站前路1号,√, , 
滦河站,河北省迁安市野鸡坨镇与滦县东安各庄镇交界处,√, , 
滦平站,河北省承德市滦平县振兴路西侧164号,√, , 
滦县站,河北省唐山市滦县新城燕山路205国道北,√, , 
密云北站,北京市密云区密云北火车站,√, , 
南宫东站,河北省邢台南宫市段芦头镇,√, , 
南口站,北京市昌平区南口镇交通街84号,√, , 
南峪站,河北省石家庄市井陉县南峪镇南峪村,√, , 
娘子关站,山西省阳泉市平定县娘子关镇,√, , 
平泉站,河北省承德市平泉县东方街,√,√,√
迁安站,河北省唐山迁安市城南油井西400米,√, , 
前磨头站,河北省衡水深州市前磨头镇商业街南头,√, , 
秦皇岛,河北省秦皇岛市海港区迎宾路北端,√, , 
青县站,河北省沧州市青县清州镇迎宾路72号,√,√,√
清河站,北京市海淀区清河火车站,√, , 
清河城站,邢台市清河城站前街1号,√,√,√
饶阳站,河北省衡水市饶阳县富强街186号,√, , 
任丘站,河北省任丘市渤海路1号,√,√,√
三河县站,河北省廊坊三河市居安小区府东路南,√, , 
三家店站,北京市门头沟区三家店火车站,√, , 
胜芳站,河北省廊坊地区霸州市堂二里镇东张柳村,√, , 
沙城站,河北省张家口市怀来县沙城镇车站街1号,√,√,√
沙河市站,河北省邢台市沙河市白云路12号,√, , 
沙岭子站,河北省张家口市宣化区沙岭子镇二里丰村,√, , 
上板城南站,河北省承德市开发新区上板城镇,√, , 
上板城站,河北省承德市双桥区开发新区卸甲营村,√, , 
涉县站,河北省邯郸市涉县迎宾街,√, , 
深州站,河北省衡水深州市桃源大街1号,√, , 
十渡站,北京市房山区十渡镇十渡村,√, , 
石家庄北站,河北省石家庄市新华区市庄路265号,√, , 
石家庄站,河北省石家庄市新石南路与中华南大街交叉口,√,√,√
顺义站,北京市顺义区站前北街17号,√, , 
肃宁站,河北省沧州市肃宁县站前街,√, , 
唐山北站,河北省唐山市丰润区迎宾路1号,√, , 
唐山站,河北省唐山市路北区站前路160号,√, , 
塘沽站,天津市塘沽区大连道2543号,√, , 
天津北站,天津市河北区中山路1号,√, , 
天津南站,天津市西青区张家窝镇,√, , 
天津西站,天津市红桥区西站前街1号,√, , 
天津站,天津市河北区新纬路1号,√,√,√
通州西站,北京市通州区五里店西路11号,√, , 
吴桥站,河北省吴桥县站前一路西端,√,√,√
武安站,河北省武安市铁北路256号,√, , 
武清站,天津市武清区前进道上佛罗伦萨小镇对过,√, , 
下板城站,河北省承德县下板城镇车站路1号,√, , 
下花园站,河北省张家口市下花园区公路街7号,√, , 
下台子站,河北省承德市兴隆县李家营乡下台子站,√, , 
小寺沟站,河北省承德市平泉县南五十家子镇,√, , 
辛集站,河北省辛集市兴华路1号,√,√,√
新杖子站,河北省承德市承德县新杖子村新达胡同1号,√, , 
兴隆县站,河北省承德市兴隆县雾灵街,√, , 
邢台东站,河北省邢台市高开区邢台东站,√, , 
邢台站,河北省邢台市车站北路20号,√,√,√
徐水站,保定市徐水区长城北大街徐水火车站,√, , 
宣化站,河北省张家口市宣化区车站街1号,√,√,√
延庆站,北京市延庆区妫水南街59号,√, , 
岩会站,山西省阳泉市平定县巨城镇,√, , 
燕郊站,河北省廊坊三河市燕郊开发区京榆大街938号,√, , 
燕山站,北京市房山区燕山中路7号,√, , 
阳泉北站,山西省阳泉市盂县水神山路1号,√, , 
阳泉站,山西省阳泉市德胜街130号,√, , 
阳邑站,河北省武安市阳邑镇,√, , 
杨柳青站,天津市西青区杨柳青镇西青道,√, , 
野三坡站,河北省涞水县野三坡镇,√, , 
鹰手营子站,河北省承德市鹰手营子矿区,√, , 
于家堡站,天津市塘沽区于家堡金融区新港路与金河道融义路交口,√, , 
玉田县站,河北省唐山市玉田县无终街货场路299号,√, , 
元氏站,河北省石家庄市元氏县站西路26号,√, , 
枣强站,河北省衡水市枣强县富强路中段,√, , 
张家口南站,河北省张家口市高新区站前西大街11号,√, , 
张家口站,河北省张家口市桥东区东安大街1号, , , 
None,河北省石家庄市正定县车站北大街83号正定站,√, , 
正定机场站,河北省石家庄市正定县新城铺镇合家庄村东正定机场站,√, , 
涿州东站,河北省涿州市新兴产业开发区北石家务村与徐里营村之间,√, , 
涿州站,河北省涿州市迎宾路73号,√, , 
安塘,山西省忻州市岢岚县神堂坪乡,√, , 
白壁关,山西省孝义市高阳镇善吉村,√, , 
汾河,山西省太原市尖草坪区新汾街汾河车站,√, , 
柴沟堡,河北省张家口市怀安县柴沟堡镇,√,√,√
大同,山西省大同市城区站前街4号,√,√,√
大营,山西省繁峙县大营镇西三泉村,√, , 
代县,山西省代县上馆镇上平城村西,√, , 
岱岳,山西省朔州市山阴县岱岳镇岱岳火车站,√,√,√
定襄,山西省定襄县忻阜路26号,√, , 
东淤地,山西省繁峙县横涧乡东淤地,√, , 
东镇,山西省闻喜县东镇西街,√, , 
东庄,山西省忻州市繁峙县横涧乡小屯村,√, , 
豆罗,山西省忻州市忻府区豆罗镇,√, , 
兑镇,山西省孝义市兑镇镇,√, , 
繁峙,山西省繁峙县杏园乡杏园村,√, , 
汾阳,山西省汾阳市杏花镇安上村,√, , 
风陵渡,山西省芮城县风陵渡镇,√,√,√
高村,山西省阳曲县高村乡,√, , 
古东,山西省古交市东曲街道办事处古东火车站,√, , 
古交,山西省古交市迎宾路1号,√, , 
河边,山西省定襄县河边镇河边四村,√, , 
河津,山西省河津市龙岗西路,√,√,√
洪洞,山西省洪洞县车站街,√,√,√
洪洞西,山西省洪洞县龙马乡辛庄村,√, , 
侯马,山西省侯马市新田路1号,√,√,√
侯马西,山西省侯马市高村乡,√, , 
怀仁,山西省朔州市怀仁县火车站,√,√,√
怀仁东,山西省朔州市怀仁县黎寨村东,√, , 
霍州,山西省霍州市城关镇,√,√,√
霍州东,山西省霍州市李曹镇李曹村,√, , 
稷山,山西省稷山县稷圣路98号,√,√,√
交城,山西省吕梁市交城县夏家营镇贾家寨村,√, , 
介休东,山西省介休市三佳乡三佳村,√, , 
介休,山西省介休市新建西路280号,√,√,√
晋中,山西省晋中市榆次区红马营村,√, , 
岢岚,山西省忻州市岢岚县振兴东街,√,√,√
临汾,山西省临汾市尧都区车站街5号,√,√,√
临汾西,山西省临汾市尧都区刘村镇周家庄村,√, , 
灵丘,山西省大同市灵丘县武灵镇新华街十四区,√, , 
灵石东,山西省灵石县马和乡张嵩村,√, , 
灵石,山西省灵石县城车站路,√,√,√
柳林南,山西省吕梁市柳林县龙门会村,√, , 
吕梁,山西省吕梁市离石区王家沟乡下安村,√, , 
宁武,山西省忻州市宁武县外环路,√,√,√
平社,山西省忻州市忻府区庄磨镇平社村,√, , 
平旺,山西省大同市南郊区老平旺乡,√, , 
平型关,山西省大同市灵丘县白崖台乡白崖台村,√, , 
平遥古城,山西省平遥县中都乡侯冀村,√, , 
平遥,山西省晋中市平遥县中都路14号,√,√,√
祁县东,山西省晋中市祁县古县镇张名村,√, , 
祁县,山西省晋中市祁县新建南路交通巷9号,√,√,√
秦家庄,山西省忻州市岢岚县秦家庄村,√, , 
沁县,山西省沁县沁州北路迎宾巷,√,√,√
清徐,山西省太原市清徐县吴村南侧,√, , 
山阴,山西省朔州市山阴县古城镇马梁村境内,√, , 
神池,山西省忻州市龙泉镇崞水路,√,√,√
神头,山西省朔州市神头二电厂,√, , 
寿阳,山西省寿阳县安定街,√, , 
朔州,山西省朔州市朔城区迎宾街东段,√,√,√
太谷西,山西省太谷县南陆门,√, , 
太谷,山西省晋中市太谷县太洛路36号,√,√,√
太原,山西省太原市建设南路2号,√,√,√
太原东,山西省太原市建设北路534号,√, , 
太原南,山西省小店区北营北路太原南站,√, , 
天镇,山西省大同市天镇县谷前堡镇,√,√,√
文水,山西省吕梁市文水县凤城镇里洪村东侧,√, , 
闻喜,山西省闻喜县桐城镇新开北路,√,√,√
闻喜西,山西省闻喜县郭家庄镇西宋村,√, , 
五台山,山西省繁峙县砂河镇,√, , 
五寨,山西省忻州市五寨县火车站,√,√,√
武乡,山西省长治市武乡县丰州镇胡庄铺,√,√,√
下社,山西省代县峨口镇下社村,√, , 
襄汾,山西省襄汾县车站街12号,√,√,√
襄汾西,山西省襄汾县南贾镇南刘村西,√, , 
孝南,山西省孝义市梧桐镇孝南,√, , 
孝西,山西省孝义市铁北街,√, , 
忻州,山西省忻州市云中路10号,√,√,√
新绛,山西省新绛县城关镇,√,√,√
轩岗,山西省原平市轩岗镇火车站,√,√,√
阳高,山西省大同市阳高县,√,√,√
阳明堡,山西省忻州市代县阳明堡镇,√, , 
阳曲,山西省太原市阳曲县新阳东大街,√,√,√
阳泉曲,山西省孝义市阳泉曲镇,√, , 
应县,山西省朔州市应县藏寨乡薛家营村,√, , 
永济,山西省永济市迎新东街45号,√,√,√
永济北,山西省永济市张营镇丰乐村北,√, , 
榆次,山西省晋中市榆次区迎宾街站南路471号,√,√,√
榆社,山西省榆社县迎春南路168号,√,√,√
原平,山西省原平市永兴南路23号,√,√,√
运城,山西省运城市潞村街2号,√,√,√
运城北,山西省运城市姚孟办事处陶上村,√, , 
枣林,山西省代县枣林镇段村,√, , 
张兰,山西省介休市张兰镇,√, , 
赵城,山西省洪洞县赵城镇磨头村,√, , 
镇城底,山西省古交市镇城底镇,√, , 
巴彦高勒,内蒙古自治区巴彦淖尔市磴口县巴彦高勒镇,√,√,√
阿巴嘎旗,内蒙古自治区锡林郭勒盟阿巴嘎旗火车站,√, , 
白音察干,内蒙古自治区乌兰察布市察右后旗白音察干,√,√,√
白音华南,内蒙古自治区锡林郭勒盟西乌珠穆沁旗白音华南镇火车站,√, , 
白云鄂博,内蒙古自治区包头市白云鄂博矿区火车站,√, , 
包头,内蒙古自治区包头市阿尔丁大街南端,√,√,√
包头东,内蒙古包头市东河区南门外大街32号,√, , 
宝拉格,内蒙古自治区乌兰察布市察右后旗红格图乡,√, , 
查布嘎,内蒙古自治区赤峰市阿鲁科尔沁旗天山镇查布嘎站,√,√,√
察素齐,内蒙古自治区呼和浩特市土默特左旗察素齐镇博彦路南,√, , 
达拉特西站,内蒙古鄂尔多斯市达拉特旗树林召镇展旦召,√, , 
大板,内蒙古自治区赤峰市巴林右旗大板镇大板火车站,√,√,√
大陆号,内蒙古自治区乌兰察布市哈尔右翼后旗贲红镇大陆号,√, , 
东胜西,内蒙古自治区鄂尔多斯市东胜区罕台镇,√,√,√
额济纳,内蒙古自治区阿拉善盟额济纳旗达来呼布镇额济纳火车站,√, , 
鄂尔多斯,内蒙古自治区鄂尔多斯市伊金霍洛旗阿镇桑盖村,√, , 
二道沙河,内蒙古自治区包头市九原区兴胜镇二道沙河村,√, , 
二连站,内蒙古自治区锡林郭勒盟二连浩特市迎宾北路2号,√,√,√
丰镇,内蒙古自治区乌兰察布市丰镇市迎宾路,√,√,√
公庙子,内蒙古自治区巴彦淖尔市乌拉特前旗先锋镇公庙子站,√, , 
呼和浩特东站,内蒙古自治区呼和浩特市如意开发区呼和浩特东火车站,√,√,√
呼和浩特站,内蒙古呼和浩特市新城区车站东街41号,√, , 
化德站,内蒙古自治区乌兰察布市化德县长春大街,√,√,√
集宁南,内蒙古自治区乌兰察布市集宁区怀远北大街96号,√,√,√
经棚,内蒙古自治区赤峰市克什克腾旗经棚镇经棚火车站,√, , 
开鲁,内蒙古自治区通辽市开鲁县开鲁火车站,√, , 
昆都仑召,内蒙古自治区包头市昆都仑区卜尔汉图嘎查,√, , 
林东,内蒙古自治区赤峰市巴林左旗林东镇林东火车站,√, , 
林西,内蒙古自治区赤峰市林西县林西镇林西火车站,√, , 
临河,内蒙古自治区巴彦淖尔市临河区胜利南路临河火车站,√,√,√
旗下营,内蒙古自治区乌兰察布市卓资县旗下营镇,√, , 
萨拉齐,内蒙古自治区包头市土默特右旗萨拉齐镇站前街1号,√, , 
赛汉塔拉,内蒙古自治区锡林郭勒盟苏尼特右旗赛汉塔拉镇赛汉塔拉火车站,√,√,√
桑根达来,内蒙古自治区锡林郭勒盟正蓝旗桑根达来镇桑根达来火车站,√, , 
商都站,内蒙古自治区乌兰察布市商都县红旗北街,√,√,√
苏尼特左旗,内蒙古自治区锡林郭勒盟苏尼特左旗火车站,√, , 
土贵乌拉,内蒙古自治区乌兰察布市察哈尔右翼前旗土贵乌拉镇,√,√,√
土牧尔台,内蒙古自治区乌兰察布市察右后旗土牧尔台镇,√,√,√
乌海西站,内蒙古自治区乌海市乌达区三道坎,√,√,√
乌海站,内蒙古自治区乌海市海勃湾区新华西街68号,√,√,√
乌拉山,内蒙古自治区巴彦淖尔市乌拉特前旗乌拉山镇,√, , 
乌拉特前旗,内蒙古自治区巴彦淖尔市乌拉特前旗乌拉山镇红旗南路,√,√,√
乌兰察布,内蒙古自治区乌兰察布市察右前旗,√, , 
乌兰哈达,内蒙古自治区乌兰察布市察察哈尔右翼后旗乌兰哈达镇,√, , 
五原站,内蒙古自治区巴彦淖尔市五原巴彦套海镇,√,√,√
西乌旗,内蒙古自治区锡林郭勒盟西乌珠穆沁旗西乌旗火车站,√, , 
西小召站,内蒙古自治区巴彦淖尔市乌拉特前旗西小召镇,√, , 
锡林浩特,内蒙古自治区锡林郭勒盟锡林浩特市锡林大街,√,√,√
新贤城,内蒙古自治区包头市青山区幸福镇,√, , 
兴和西,内蒙古自治区乌兰察布市兴和县城关镇兴和西火车站,√,√,√
哲里木,内蒙古自治区通辽市河西镇哲里木火车站,√, , 
正镶白旗,内蒙古自治区锡林郭勒盟正镶白旗明安图正镶白旗火车站,√, , 
朱日和,内蒙古自治区锡林郭勒盟苏尼特右旗朱日和镇,√,√,√
卓资东,内蒙古自治区乌兰察布市卓资县卓资镇工业路,√, , 
卓资山,内蒙古自治区乌兰察布市卓资西街卓资山火车站,√, , 
安阳,河南省河南省安阳市解放路1号,√,√,√
安阳东,河南省安阳市文明大道与海兴路交叉口往南500米,√, , 
长葛,河南省许昌市长葛县车站街103号,√, , 
长垣,河南省长垣县博爱路,√,√,√
长治,山西省长治市郊区堠北庄镇,√,√,√
长治北,山西省长治市郊区漳泽东街79号,√, , 
邓州,河南省邓州市火车站,√,√,√
东明县,山东省东明县站前路54号,√, , 
高平,山西省高平市新建路209号,√, , 
巩义,河南省巩义市光明路1号,√,√,√
巩义南,河南省巩义市回郭镇,√, , 
关林,河南省洛阳市洛龙区古城路东部,√, , 
鹤壁,河南省鹤壁市淇滨区黎阳路西段,√, , 
鹤壁东,河南省鹤壁市淇滨区朝歌路16号,√, , 
黄河景区,河南省郑州市惠济区古荥镇于庄新村,√, , 
获嘉,河南省获嘉县,√, , 
济源,河南省济源市北海办事处小李庄村,√, , 
嘉峰,山西省沁水县嘉峰镇嘉峰村,√, , 
焦作,河南省焦作市解放区民主路,√,√,√
焦作东,河南省武陟县詹店镇车站街3号,√, , 
晋城,山西省晋城市迎宾街98号,√,√,√
开封,河南省开封市禹王台区中山路1号,√,√,√
开封北,河南省开封市龙亭区四大街1号,√, , 
兰考,河南省兰考县城关镇南街车站路中段,√, , 
兰考南,河南省兰考县惠安街道新310国道（南环路）与学院路交汇处,√, , 
临颍,河南省漯河市临颍县铁东路117号,√, , 
灵宝,河南省灵宝市车站路1号,√,√,√
灵宝西,河南省灵宝市西闫乡,√, , 
鲁山,河南省平顶山市鲁山县,√,√,√
绿博园,河南省郑州市郑开大道与人文路交叉口向西200米,√, , 
洛阳,河南省洛阳市西工区道南路1号,√,√,√
洛阳东,河南省洛阳市瀍河区大同街38号,√, , 
洛阳龙门站,河南省洛阳市洛龙区通衢路19号,√, , 
民权,河南省商丘市民权县城和平西路,√,√,√
民权北,河南省民权县江山大道1号,√, , 
内乡,河南省内乡县,√, , 
南阳,河南省南阳市卧龙区铁东街3号,√,√,√
南召,河南省南召县云阳镇,√, , 
宁陵县,河南省商丘市宁陵县柳河镇,√, , 
平顶山西,河南省宝丰县,√,√,√
濮阳,河南省濮阳市华龙区开州路南段,√, , 
沁阳,河南省沁阳市西万镇西万村,√, , 
汝州,河南省汝州市洗耳河办事处,√, , 
三门峡,河南省三门峡市黄河路东5号,√,√,√
三门峡南,河南省三门峡市,√, , 
三门峡西,河南省三门峡市陕县原店镇,√, , 
商丘（高铁）,河南省商丘市胜利路南侧,√, , 
商丘（普速）,河南省商丘市站前路59号,√,√,√
商丘南,河南省商丘市南京路东端,√,√,√
渑池,河南省渑池县,√, , 
渑池南,河南省渑池县,√, , 
宋城路,河南省开封市龙亭区宋城路,√, , 
汤阴,河南省汤阴县铁东路,√, , 
唐河,河南省唐河县,√, , 
桐柏,河南省桐柏县,√, , 
卫辉,河南省卫辉市翔宇大道138号,√, , 
武陟,河南省焦作市武陟县朝阳二路与和朔大道交叉口向东300米路南,√, , 
西峡,河南省西峡县,√, , 
襄垣,山西省襄垣县小黄庄村,√, , 
新安县,河南省新安县秦皇路南39号,√, , 
新乡,河南省新乡市平原路1号,√,√,√
新乡东,河南省新乡市荣校路东段,√, , 
新郑机场,河南省新郑市迎宾大道中段新郑国际机场B2层,√, , 
修武西,河南省焦作市修武县城关镇大韩村,√, , 
许昌,河南省许昌市魏都区车站路2号　,√,√,√
许昌东,河南省许昌市天宝路与许州路交叉口　,√, , 
偃师,河南省偃师市车站路8号,√, , 
阳城,山西省阳城县八甲口镇八甲口村,√, , 
义马,河南省义马市,√, , 
月山,河南省焦作市博爱县月山镇,√,√,√
镇平,河南省镇平县健康路,√, , 
郑州,河南省郑州市二七区二马路82号,√,√,√
郑州东,河南省郑州市金水区心怡路199号,√, , 
郑州西,河南省荥阳市中原西路与荥泽大道交叉口,√, , 
安陆,湖北省安陆市,√, , 
巴东,湖北省恩施州巴东县野山关镇,√, , 
白沙铺,湖北省阳新市白沙镇,√, , 
长阳,湖北省宜昌市长阳土家族自治县贺家坪镇渔泉溪村,√, , 
赤壁,湖北省赤壁市,√,√,√
赤壁北,湖北省赤壁市,√, , 
大冶北,湖北省大冶市五桥办事处新美村,√, , 
当阳,湖北省当阳市坝陵开发区车站路,√,√,√
鄂州,湖北省鄂州市鄂城区江碧路,√, , 
鄂州东,湖北省鄂州市燕矶镇沙塘村鄂州东站,√, , 
恩施,湖北省恩施土家族苗族自治州金桂大道,√, , 
葛店南,湖北省鄂州市葛店开发区大湾社区（高新大道）,√, , 
谷城,湖北省襄阳市谷城县城关镇粉阳路151号,√,√,√
固始,河南省信阳市固始县段集镇火车站,√, , 
光山,河南省信阳市光山县斛山乡,√, , 
广水,湖北省随州市广水市武胜关镇,√, , 
汉川,湖北省汉川市马口镇八大村,√, , 
汉口,湖北省武汉市江汉区金家墩特1号,√,√,√
贺胜桥东,湖北省咸宁市贺胜桥镇,√, , 
横沟桥东,湖北省咸宁市横沟桥镇,√, , 
红安（西）,湖北省红安县八里湾镇柯家湾,√, , 
后湖,湖北省武汉市江岸区塔子湖西路,√, , 
花湖,湖北省鄂州市鄂城区花湖大道人信南路（假日威尼斯背后）,√, , 
花山南,湖北省武汉市洪山区花山镇大长山路特1号,√, , 
花园,湖北省孝感市孝昌县花园镇,√, , 
华容,湖北省湖北省鄂州市华容区,√, , 
华容东,湖北省湖北省鄂州市华容区华容镇,√, , 
华容南,湖北省湖北省鄂州市华容区华容镇,√, , 
淮滨,河南省信阳市淮滨县栏杆镇,√, , 
槐荫,湖北省孝感市孝南区周楼村,√, , 
黄冈,湖北省黄冈市黄州区路口镇,√, , 
黄冈东,湖北省黄冈市黄州区路口镇新华村,√, , 
黄冈西,湖北省黄冈市黄州区雨王街刘家大湾村,√, , 
黄石,湖北省大冶市罗桥,√,√,√
黄石北,湖北省黄石市下陆区伍家洪大道,√, , 
黄州,湖北省黄冈市黄州区火车站管委会,√, , 
潢川,河南省潢川县火车站开发区,√,√,√
建始,湖北省恩施土家族苗族自治州建始县邺州镇安乐井村　,√, , 
界首市,安徽省界首市东升路1号,√, , 
金银潭,湖北省武汉市东西湖区金银潭大道,√, , 
京山,湖北省京山县新市大道1号,√, , 
荆门,湖北省荆门市金龙泉大道4号,√,√,√
荆州,湖北省荆州市荆州区荆北村楚源大道,√, , 
利川,湖北省利川市南环大道,√, , 
罗山,河南省信阳市罗山县龙山乡,√, , 
漯河,河南省漯河市公安街,√,√,√
漯河西,河南省漯河市翠华山路,√, , 
麻城,湖北省麻城市黄金桥火车站开发区,√,√,√
麻城北,湖北省麻城市黄金桥开发区金通大道,√, , 
毛陈,湖北省孝感市孝南区,√, , 
庙山,湖北省武汉市洪山区东湖高新开发区,√, , 
闵集,湖北省孝感市闵集乡,√, , 
明港,河南省信阳市平桥区明港镇,√, , 
明港东,河南省信阳市平桥区明港镇,√, , 
南湖东,湖北省武汉市洪山区东湖高新开发区,√, , 
平顶山,河南省平顶山市南环中路1号,√,√,√
普安,湖北省武汉市洪山区东湖高新开发区,√, , 
蕲春,湖北省蕲春县火车站,√,√,√
潜江,湖北省潜江市紫月路特1号,√, , 
确山,河南省驻马店市确山县城,√, , 
山坡东,湖北省咸宁市山坡东镇,√, , 
商城,河南省商城县上石桥镇火车站开发区,√, , 
沈丘,河南省沈丘县兆丰大道南端,√, , 
十堰,湖北省十堰市车站路11号,√,√,√
松滋,湖北省松滋市麻水乡张家畈村,√, , 
随州,湖北省随州市城东新区迎宾大道,√,√, 
遂平,河南省驻马店市遂平县城,√, , 
汤逊湖,湖北省武汉市洪山区东湖高新开发区,√, , 
天河机场,湖北省武汉市黄陂区天河机场T3航站楼,√, , 
天河街,湖北省武汉市黄陂区,√, , 
天门,湖北省天门市皂市镇红花堰村,√, , 
天门南,湖北省天门市多祥镇天门工业园,√, , 
土地堂东,湖北省咸宁市土地堂镇,√, , 
乌龙泉南,湖北省武汉市江夏区,√, , 
武昌,湖北省武汉市武昌区中山路642号,√,√,√
武当山,湖北省丹江口市六里坪镇,√, , 
武汉,湖北省武汉市洪山区阳春湖畔,√, , 
武穴,湖北省武穴市石佛寺镇火车站开发区,√, , 
西平,河南省驻马店市西平县城,√, , 
息县,河南省信阳市息县曹黄林乡,√, , 
浠水,湖北省浠水县火车站,√,√,√
仙桃西,湖北省仙桃市三伏潭镇雷场村,√, , 
咸宁,湖北省咸宁市咸安区,√,√,√
咸宁北,咸宁市西北部咸安区官埠桥镇渡船村,√, , 
咸宁东,湖北省咸宁市咸宁开发区,√, , 
咸宁南,湖北省咸宁市温泉区,√, , 
襄阳,湖北省襄阳市樊城区前进路,√,√,√
襄阳东,湖北省襄阳市襄州区交通路,√, , 
项城,河南省项城市湖宾路南端向左2公里,√, , 
孝感,湖北省孝感市孝南区,√,√,√
孝感北,湖北省孝感市大悟县高店新区,√, , 
孝感东,湖北省孝感市孝南区董永路铜雀台西侧,√, , 
新县,河南省新县新集镇京九路火车站开发区,√,√,√
信阳,河南省信阳市民权路与新华东路交叉口处,√,√,√
信阳东,河南省信阳市羊山新区信阳工业城产业聚集区内,√, , 
阳新,湖北省黄石市阳新县,√,√, 
宜昌东,湖北省宜昌市伍家岗区东站路1号,√,√,√
宜城,湖北省宜城市雷河发展区廖河乡,√, , 
应城,湖北省应城市广场大道,√, , 
云梦,湖北省孝感市云梦县城,√, , 
枣阳,湖北省枣阳市车站路,√, , 
枝城,湖北省宜都市枝城镇车站路12号,√,√,√
枝江北,湖北省宜昌市枝江市仙女工业园,√, , 
纸坊东,湖北省武汉市江夏区,√, , 
钟祥,湖北省钟祥市站前路1号,√, , 
周口,河南省周口市工农路南端,√, , 
驻马店,河南省驻马店市驿城区,√,√,√
驻马店西,河南省驻马店市驿城区,√, , 
左岭,湖北省武汉市洪山区左岭镇,√, , 
安康,陕西省汉滨区进站路,√,√,√
安口窑,甘肃省华亭县安口窑镇瓷市街,√, , 
巴山,陕西省镇巴县巴山镇火车站,√, , 
白河东,陕西省安康市白河县城关镇狮子山社区,√, , 
白河县,陕西安康市白河县群力村,√, , 
白水江,陕西省汉中市略阳县白水江镇,√,√,√
宝鸡,陕西省宝鸡市迎宾路1号,√,√,√
宝鸡南,陕西省宝鸡市高新五路南端宝鸡南高铁火车站,√, , 
彬县,陕西省咸阳市彬县碳店乡,√, , 
蔡家坡,陕西省宝鸡市岐山县蔡家坡镇自强路西段,√,√, 
长武,陕西省咸阳市长武县地掌乡,√, , 
朝天南,四川省广元市朝天区,√,√,√
城固,陕西省汉中市城固县城关镇,√,√,√
大荔,陕西省渭南市大荔县北四环路大荔高铁火车站,√, , 
大竹园,陕西省安康市汉滨区大竹园镇大竹园火车站,√, , 
丹凤,陕西省丹凤县龙驹寨鹿池村,√,√,√
凤县,陕西省宝鸡市凤县车站路,√,√, 
凤州,陕西省宝鸡市凤县龙口镇宝凤公路旁,√,√, 
富县东,陕西省富县茶坊镇吉子湾村,√, , 
甘泉北,陕西省延安市甘泉县美水路,√, , 
高滩,陕西省安康市紫阳县高滩镇高滩火车站,√, , 
虢镇,陕西省宝鸡市陈仓区虢镇和平街,√, , 
韩城,陕西省韩城市新城区普照路,√,√,√
汉阴,陕西省安康市汉阴县城关镇,√,√,√
汉中,陕西省汉中市汉台区,√,√,√
合阳北,陕西省渭南市合阳县甘井镇万年村合阳北火车站,√, , 
宏庆,甘肃省陇南市两当县西坡镇,√,√,√
花楼坝,四川省万源市花楼乡,√, , 
华山,陕西省华阴市孟塬镇,√,√,√
华山北,陕西省华阴市华岳北路华山北高铁火车站,√, , 
黄陵,陕西省黄陵县桥山镇秦家川村,√,√,√
黄陵南,陕西省黄陵县田庄镇梁峁村, , , 
徽县,甘肃省陇南市徽县嘉陵镇,√,√,√
靖边,陕西省靖边县张家畔镇海则畔村,√, , 
礼泉,陕西省咸阳市礼泉县新时乡,√, , 
两当,甘肃省陇南市两当县站儿巷镇,√,√,√
陇县,陕西省宝鸡市陇县中邑路,√, , 
略阳,陕西省汉中市略阳县城关镇,√,√,√
麻柳,陕西省安康市紫阳县麻柳镇麻柳村,√, , 
毛坝,四川省宣汉县毛坝镇火车站,√, , 
毛坝关,陕西省紫阳县毛坝镇毛坝关火车站,√, , 
米脂,陕西省榆林市米脂县火车站,√, , 
勉县,陕西省汉中市勉县城关镇,√,√,√
蒲城,陕西省渭南市蒲城县贾曲乡（镇）杜家村,√,√,√
蒲城东,陕西省蒲城县翔村镇马家村,√,√,√
蒲家,四川省达州市蒲家镇蒲家火车站,√, , 
岐山,陕西省宝鸡市岐山县蔡家坡镇五丈原社区岐山高铁火车站,√, , 
千河,陕西省宝鸡市陈仓区千河镇司家崖村,√, , 
千阳,陕西省宝鸡市千阳县东海路与宝平南路路口,√, , 
乾县,陕西省咸阳市乾县城关镇,√, , 
秦岭,陕西省宝鸡市凤县黄牛铺镇东河桥村,√,√, 
清涧县,陕西省榆林市清涧县折家坪镇,√, , 
三原,陕西省三原县南环路三原火车站,√, , 
商洛,陕西省商洛市沙河子镇,√,√,√
商南,陕西省商南县富家沟,√,√,√
神木,陕西省榆林市神木县水磨河村,√,√,√
石泉县,陕西省安康市石泉县城关镇,√,√,√
蜀河,陕西省安康市旬阳县蜀河镇沙沟村,√, , 
绥德,陕西省榆林市绥德县火车站,√,√,√
孙镇,陕西省渭南市蒲城县孙镇,√,√,√
潼关,陕西省渭南市潼关县城,√,√,√
万源,四川省万源市火车站,√,√,√
韦庄,陕西省渭南市澄城县韦庄镇南新街韦庄火车站,√,√,√
渭南,陕西省渭南市临渭区城区,√,√,√
渭南北,陕西省渭南市临渭区渭南北高铁火车站,√, , 
吴堡,陕西省吴堡县宋家川镇张家焉村,√, , 
武功,陕西省咸阳市武功县人民路中段,√,√, 
西安,陕西省西安市环城北路44号,√,√,√
西安北站,陕西省西安市未央区尚新路西安北高铁火车站,√, , 
西安南,陕西省西安市长安区引镇,√,√,√
西乡,陕西省汉中市西乡县城关镇,√,√,√
咸阳,陕西省咸阳市渭城区抗战路,√,√,√
咸阳秦都,陕西省咸阳市玉泉西路中段咸阳秦都高铁火车站,√, , 
小河镇,陕西省安康市旬阳县小河镇东山村,√, , 
兴平,陕西省兴平市南关路西段,√,√, 
宣汉,四川省宣汉县滑山村云寨居委,√, , 
旬阳,陕西省旬阳县刘湾区进站路,√,√,√
旬阳北,陕西省旬阳县白柳镇,√,√,√
延安,陕西省延安市宝塔区柳林路,√,√,√
阎良,陕西省西安市阎良区胜利路北段,√, , 
砚川,陕西省商洛市商州区大荆镇,√, , 
燕子砭,陕西省汉中市宁强县燕子砭镇,√,√,√
阳平关,陕西省汉中市宁强县阳平关镇,√,√,√
杨陵,陕西省西安市杨陵区渭惠路中段,√,√, 
杨陵南,陕西省杨凌示范区揉鼓乡法禧村北杨陵南高铁火车站,√, , 
永乐店,陕西省泾阳县永乐镇永乐店火车站,√, , 
永寿,陕西省咸阳市永寿县监军镇,√, , 
榆林,陕西省榆林市榆阳区柳营西路西路与201国道交口,√,√,√
张桥,陕西省富平县张桥镇张桥车站,√,√,√
镇安,陕西省商洛市镇安县县河,√,√,√
钟家村,陕西省渭南地区蒲城县荆姚镇钟家村车站,√,√,√
子长,陕西省延安市子长县杨家园则镇吴家坪村,√,√,√
子洲,陕西省子洲县马蹄沟镇薛家崖村,√, , 
紫阳,陕西省安康市紫阳县紫阳火车站,√,√,√
柞水,陕西省商洛市柞水县下梁镇,√,√,√
滨州,滨北街道梧桐大道与凤凰六路口,√, , 
博兴,山东省滨州市博兴县胜利四路258号,√,√,√
曹县,山东省曹县东外环路,√, , 
昌乐,山东省潍坊市昌乐县新昌路2号,√, , 
城阳,山东省山东省青岛市城阳区正阳街西首,√, , 
磁窑,山东省泰安市宁阳县磁窑镇车站街170号,√, , 
定陶,山东省定陶区济阴路东,√, , 
东营,山东省东营市东营区玉山路5号,√,√,√
东营南,东营区六户镇梅宅村西,√, , 
费县,山东省费县站前路189号,√, , 
高密,山东省高密市站前街,√,√,√
徐家店,山东省海阳市徐家店镇徐家店村火车站路1号,√, , 
海阳北,山东省海阳市徐家店镇刘家窑村北,√, , 
菏泽,山东省菏泽市中华路东首,√,√,√
即墨北,山东省即墨市通济街道办事处魏家村,√, , 
济南,山东省济南市天桥区车站街,√,√,√
大明湖,山东省济南市天桥区明湖北路1号,√, , 
济南西,山东省济南市槐荫区齐鲁大道6号,√, , 
济宁,山东省济宁市建设南路75号,√,√,√
嘉祥,山东省嘉祥县站前路南,√, , 
胶州,山东省胶州市青州西路235号,√,√,√
胶州北,山东省胶州市胶东镇白家屯村,√, , 
莒南,山东省莒南县站前路东端,√, , 
莒县,山东省莒县县城北,√, , 
巨野,山东省巨野县新华路南93号,√, , 
鄄城,山东省鄄城县闫什镇,√, , 
兰陵北,山东省临沂市兰陵县金陵经济开发长安路19号,√, , 
莱芜东,山东省莱芜市莱城区北外环路10号,√, , 
莱西,山东省莱西市望城街道办事处福山路4号,√, , 
莱西北,山东省莱西市望城街道武汉路与G204交汇处,√, , 
莱阳,山东省莱阳市荆山路1号,√, , 
蓝村,山东省即墨市蓝村镇站前街,√,√,√
利津南,None,√, , 
梁山,山东省梁山县公明路西首,√, , 
聊城,山东省聊城市东昌路西首,√,√,√
临清,山东省临清市红星路东首,√, , 
临沂,山东省临沂市兰山区沂蒙路223号,√,√,√
临沂北,山东省临沂市河东区凤仪路东端,√, , 
临淄,山东省淄博市临淄区牛山路310号,√,√,√
牟平,山东省牟平区大窑办事处吕格庄北,√, , 
南仇,山东省淄博市临淄区辛化路3839号,√, , 
坪上,临沂市莒南县坪上镇,√, , 
平邑,山东省平邑县板桥路北端,√, , 
平原,山东省德州市平原县车站街537号,√, , 
青岛,山东省青岛市泰安路2号,√,√,√
青岛北站,山东省青岛市李沧区静乐路1号,√,√,√
青州市,山东省青州市王母宫镇双庙村,√,√,√
曲阜,山东省曲阜市电缆路南端,√, , 
曲阜东,山东省曲阜市息陬镇孔子大道,√, , 
日照,山东省日照市海滨五路1号,√,√,√
荣成,山东省威海市荣成市站前路,√, , 
乳山,山东省威海市乳山市夏村镇小疃村东,√, , 
泗水,山东省泗水县中兴路南端,√, , 
台前,河南省台前县孙口镇南孟村,√, , 
泰安,山东省山东省泰安市岱岳区灵山大街,√, , 
泰山,山东省泰安市泰山区财源街西首,√,√,√
郯城,山东省郯城县东外环东侧,√, , 
桃村,山东省烟台市桃村镇站前路6号,√, , 
桃村北,山东省烟台市桃村镇烟凤路1号,√, , 
滕州,山东省滕州市大同路1号,√,√,√
滕州东,山东省滕州市东沙河镇东首,√, , 
威海,山东省威海市疏站路1号,√,√, 
威海北,山东省威海市高区环山路,√, , 
潍坊,山东省潍坊市围城区和平路1号,√,√,√
文登,山东省威海市文登区米山镇东铺头村北,√, , 
文登东,山东省威海市文登区文登营柯家庄,√, , 
五莲,山东省五莲县县城北,√, , 
烟台,山东省烟台市芝罘区北马路135号,√,√, 
烟台南,山东省烟台市莱山区山海南路5501号,√, , 
兖州,山东省济宁市兖州区酒仙桥北路64号,√,√,√
晏城,山东省德州市齐河县金石大街16号,√, , 
阳谷,山东省阳谷县站前街,√, , 
阳信,None,√, , 
沂南,山东省沂南县辛集镇,√, , 
沂水,山东省沂水县四十里镇,√, , 
禹城,山东省德州市禹城市两站街9号,√, , 
郓城,山东省郓城县临城路西,√, , 
枣庄,山东省枣庄市新城区祁连山路,√, , 
枣庄西,山东省枣庄市薛城区临山路1号,√,√,√
枣庄东,山东省枣庄市市中区车站街45号,√, , 
章丘,山东省章丘市双泉路与工业二路交汇口,√, , 
诸城,山东省诸城市舜王街道,√, , 
淄博,山东省淄博市张店区杏园东路1号,√,√,√
邹城,山东省邹城市邾国街1号,√, , 
连云港站（既有）,江苏省连云港市新浦区人民东路1号,√, , 
安庆西站（既有）,安徽省安庆市怀宁县高河镇独秀大道,√,√,√
安庆站（既有）,安徽省安庆市经济开发区迎宾路192号,√,√,√
安亭北站（城际）,上海市嘉定区安亭镇宝安公路5678号,√, , 
鳌江站（客专）,浙江省温州市平阳县鳌江镇西塘村,√, , 
蚌埠南站（高铁）,安徽省蚌埠市龙子湖区学府路与学翰路交汇处,√, , 
蚌埠站（既有）,安徽省蚌埠市龙子湖区淮河路638号,√,√,√
宝华山站（城际）,江苏省镇江市句容市宝华镇,√, , 
栟茶站（既有）,江苏省南通市如东县栟茶镇栟茶火车站,√, , 
亳州站,安徽省亳州市谯城区芍花路1号,√,√,√
苍南站（客专）,浙江省温州市苍南县灵溪镇苍南火车站,√, , 
长临河站,安徽省合肥市肥东县长临河站东光村,√, , 
长兴南站（既有）,浙江省湖州市长兴县金陵南路底,√,√,√
长兴站（高铁）,浙江省长兴县太湖街道高铁路668号,√, , 
常州北站（高铁）,江苏省常州市新北区长江北路,√, , 
常州站（城际）,江苏省常州市天宁区竹林西路,√, , 
常州站（既有）,江苏省常州市天宁区关河东路138号（南）,√,√,√
巢湖东站,安徽省巢湖市金巢大道,√, , 
巢湖站（既有）,安徽省巢湖市太湖山路33号,√,√,√
车墩站（既有）,上海市松江区车墩镇车峰路,√, , 
池州站（既有）,安徽省池州市站前区永明路,√,√,√
滁州北站（既有）,安徽省滁州市琅琊区天长东路295号,√,√,√
滁州站（高铁）,安徽省滁州市南谯区洪武西路198号,√, , 
春申站（既有）,上海市松江区新桥镇站前路,√, , 
丹徒站（城际）,江苏省镇江市丹徒区谷阳镇丹徒站,√, , 
丹阳北站（高铁）,江苏省丹阳市开发区前艾镇,√, , 
丹阳站（城际）,江苏省丹阳市开发区迎宾大道,√, , 
丹阳站（既有）,江苏省丹阳市车站路53号,√, , 
砀山站（既有）,安徽省宿州市砀山县站前路1号,√,√,√
德清西站（既有）,浙江省湖州市德清县永安街1号,√, , 
德清站（高铁）,浙江省湖州市德清县乾元镇金鹅山村德清高铁站,√, , 
定远站（高铁）,安徽省滁州市定远县池河镇青岗村,√, , 
东海县站（既有）,江苏省连云港市东海县牛山镇站前街41号,√,√,√
东台站（既有）,江苏省东台市北海路288号,√, , 
东至站（既有）,安徽省池州市东至县尧渡镇,√,√,√
奉化站（客专）,浙江省奉化市西坞街道尚桥村（南）,√, , 
阜南站,安徽省阜阳市阜南县淮河西路1号,√,√,√
阜宁站（既有）,江苏省阜宁县益林镇阜宁火车站,√,√,√
阜阳站,安徽省阜阳市颍东区曙光路1号,√,√,√
固镇站（既有）,安徽省蚌埠市固镇县城关镇,√,√,√
广德站（既有）,安徽省广德县横山北路,√, , 
海安县站（既有）,江苏省南通市海安县迎宾路98号,√, , 
海宁西站（高铁）,浙江省海宁市许村镇人民大道1999号,√, , 
海宁站（既有）,浙江省海宁市车站广场路1号,√,√,√
海湾站,上海市奉贤区星火公路灵山路西侧,√, , 
杭州东站（既有/高铁）,浙江省杭州市江干区全福桥路2号,√,√,√
杭州站（既有/高铁）,浙江省杭州市上城区城站广场8号1-3层,√,√,√
合肥北城站（高铁）,安徽省合肥市双墩镇稽山路合肥北城火车站,√, , 
合肥南站（高铁）,安徽省合肥市包河区龙川路与望湖西路交汇处,√, , 
合肥站（既有/高铁）,安徽省合肥市瑶海区站前路1号,√,√,√
湖州站（高铁）,浙江省湖州市吴兴区西塞山路3636号（西）,√, , 
花桥站（城际）,江苏省昆山市陆家镇金阳东路,√, , 
淮安站（既有）,江苏省淮安市淮阴区珠江路18号,√,√,√
淮北站（既有）,安徽省淮北市相山区站前路1号（北）,√,√,√
淮南东站（高铁）,安徽省淮南市大通区窑河西农场八队附近,√, , 
淮南站（既有）,安徽省淮南市田家庵区舜耕中路,√,√,√
黄口站（既有）,安徽省萧县黄口镇人民路南段,√, , 
黄梅站（既有）,湖北省黄梅县黄梅镇站前大道496号,√, , 
黄山北站（高铁）,安徽省黄山市屯溪区迎客松大道北2号,√, , 
黄山站（既有）,安徽省黄山市屯溪区站前路4号,√,√,√
惠山站（城际）,江苏省无锡市惠山区前洲社区谢村（无具体门牌号）,√, , 
霍邱站,安徽省六安市霍邱县长集镇许冈村,√,√,√
绩溪北站（高铁）,安徽省绩溪县龙川大道与徽山大道交汇处,√, , 
绩溪县站（既有）,安徽省宣城市绩溪县阳之南路绩溪县站,√,√,√
嘉善南站（高铁）,浙江省嘉善县大云镇江家村,√, , 
嘉善站（既有）,浙江省嘉善县魏塘镇亭桥北路268号,√,√,√
嘉兴南站（高铁）,浙江省嘉兴市南湖区余新镇黎明村双溪路,√, , 
嘉兴站（既有）,浙江省嘉兴市南湖区城东路179号,√,√,√
江都站（既有）,江苏省扬州市江都区新都北路,√, , 
江宁站（高铁）,江苏省南京市江宁区高新园上坊镇,√, , 
江山站（既有/高铁）,江山市黄陈岗一号（北）,√,√,√
姜堰站（既有）,江苏省泰州市姜堰区站前路1号,√, , 
金华南站,浙江省金华市金东区金瓯路火车南站,√, , 
金华站（既有/高铁）,金华市婺城区后丰路路300号,√,√,√
金山北站（高铁）,上海市金山区兴豪路1288号,√, , 
金山卫站（既有）,上海市金山区龙胜东路8888号,√, , 
金山园区站（既有）,上海市金山区山阳镇天工路,√, , 
金寨站（客专）,安徽省六安市金寨县马店村,√, , 
缙云站,浙江省缙云县五云镇旭山路1号,√, , 
泾县站（高铁）,安徽省宣城市泾县泾川镇,√, , 
旌德站（高铁）,安徽省宣城市旌德县旌阳镇,√, , 
句容西站（高铁）,江苏省句容市郭庄镇城隍西村,√, , 
昆山南站（高铁）,江苏省昆山市创业路999号,√, , 
昆山站（既有）,江苏省昆山市人民南路（南）,√, , 
兰溪站（既有）,兰溪市云山街道劳动路100号,√, , 
乐清站（客专）,浙江省乐清市白石街道站前路,√, , 
丽水站,浙江省丽水市火车站,√,√,√
溧水站（高铁）,江苏省南京市溧水县东屛镇徐溪村,√, , 
溧阳站（高铁）,江苏省溧阳市燕山新区燕城大道205号,√, , 
连云港东站（既有）,江苏省连云港市开发区五羊路1号,√,√,√
临海站（客专）,浙江省临海市卲家渡镇溪边村,√, , 
灵璧站（既有）,安徽省宿州市灵璧县灵璧火车站,√,√,√
六安站（既有）,安徽省六安市裕安区312国道旁,√, , 
龙游站（既有/高铁）,衢州市龙游县曹家村（南）,√,√,√
庐江站（既有）,安徽省合肥市庐江县万山镇站前街西端,√,√,√
马鞍山站（既有）,安徽省马鞍山市花山区红旗北路103号,√,√,√
明光站（既有）,安徽省明光市车站路1号,√,√,√
南京南站（高铁）,江苏省南京市雨花台区玉兰路98号（北）,√, , 
南京站（既有）,江苏省南京市玄武区龙蟠路111号（南）,√,√,√
南陵站（高铁）,安徽省南陵县三里镇牌楼村,√, , 
南通站（既有）,江苏省南通市港闸区幸福乡南通火车站,√,√,√
南翔北站（城际）,上海市嘉定区金昌西路近银翔路,√, , 
宁波东站（既有）,浙江省宁波市江东区桑田路站前路1号, , , 
宁波站,浙江省宁波市海曙区南站东路19号南广场（市委党校附近）,√,√,√
宁国站（既有）,安徽省宣城市宁国市迎宾路101号,√,√,√
宁海站（客专）,浙江省宁波市宁海县桃源街道,√, , 
邳州站（既有）,江苏省邳州市解放路1号,√,√,√
戚墅堰站（城际）,江苏省常州市戚墅堰区泡桐路1号,√, , 
祁门站（既有）,安徽省黄山市祁门县五里牌火车站路10号,√,√,√
青龙山站（既有）,安徽省淮北市烈山区青龙山火车站,√, , 
青田站,浙江省浙江省青田县水南江南大道139-6号,√, , 
衢州站（既有/高铁）,衢州市柯城区花园街道城站西路1号（南）,√,√,√
全椒站（客专）,安徽省滁州市全椒县儒林路,√, , 
如东站（既有）,江苏省南通市如东县苴镇刘埠村如东火车站,√, , 
如皋站（既有）,江苏省如皋市如城镇大殷村15组如皋火车站,√, , 
瑞安站（客专）,浙江省温州市瑞安市江南大道1号（南）,√, , 
三门县站（客专）,浙江省台州市三门县亭旁镇三门县火车站,√, , 
三堂集站,安徽省阜阳市太和县三堂镇,√,√,√
上海虹桥站（高铁）,上海市闵行区申贵路1500号,√, , 
上海南站（既有）,上海市徐汇区沪闵路9001号,√,√,√
上海西站（城际）,上海市普陀区桃浦路22号,√, , 
上海站（既有/高铁）,上海市闸北区秣陵路303号（南）/闸北区中兴路近长途客运总站（北）,√,√,√
上虞北站（高铁）,浙江省上虞市松下镇陆家村,√, , 
上虞站（既有）,浙江省上虞市曹娥街道亚厦大道144号（南）,√,√,√
绍兴北站（高铁）,浙江省绍兴市镜湖新区灵芝镇大庆寺村（南、北进站口）,√, , 
绍兴站（既有）,浙江省绍兴市车站路210号,√,√,√
绅坊站（客专）,浙江省温州乐清市石帆街道绅坊村,√, , 
舒城站（既有）,安徽省六安市舒城县杭埠镇东盛路38号,√, , 
沭阳站（既有）,江苏省沭阳县北京南路南首,√,√,√
水家湖站（高铁）,安徽省合肥市长丰县水湖镇长淮路,√, , 
泗洪站（既有）,江苏省宿迁市泗洪县梅花镇郭咀村,√, , 
泗县站（既有）,安徽省宿州市泗县泗县火车站,√,√,√
泗阳站（既有）,江苏省宿迁市泗阳县众兴镇,√, , 
松江南站（高铁）,上海市松江区盐仓路,√, , 
松江站（既有）,上海市松江区人民南路1号,√,√,√
苏州北站（高铁）,江苏省苏州市相城区南天城路,√, , 
苏州新区站（城际）,江苏省苏州市浒墅关镇城际路,√, , 
苏州园区站（城际）,江苏省苏州市工业园区至和西路,√, , 
苏州站（既有、城际）,江苏省苏州市姑苏区北环路（南）/苏州市姑苏区苏站路27号（北）,√,√,√
宿松站（既有）,安徽省安庆市宿松县破凉镇通站公路,√,√,√
宿州东站（高铁）,安徽省宿州市墉桥区壕沟乡两半昌村（西）,√, , 
宿州站（既有）,安徽省宿州市埇桥区工人路248号（西）,√, , 
台州站（客专）,浙江省台州市黄岩区北城街道王林村,√, , 
太湖站（既有）,安徽省安庆市太湖县高界路35号,√, , 
泰州站（既有）,江苏省泰州市海陵区京泰路1号,√,√,√
天柱山站（既有）,安徽省安庆市潜山县皖国路,√,√,√
亭林站（既有）,上海市金山区亭林镇龙泉路,√, , 
桐城站（既有）,安徽省桐城市龙眠街道海峰东路1号,√,√,√
桐乡站（高铁）,浙江省桐乡市高桥镇高桥大道51号（北）,√, , 
铜陵北站（高铁）,安徽省铜陵市铜陵县钟鸣镇,√, , 
铜陵站（既有）,安徽省铜陵市陵江大道中路5708号,√,√,√
瓦屋山站（高铁）,江苏省溧阳市上兴镇老河村委上姚河66号,√, , 
温岭站（客专）,浙江省温岭市大溪镇利岙村温岭火车站,√, , 
温州南站（客专）,浙江省温州市瓯海区潘桥镇温州南站,√, , 
温州站（既有）,浙江省温州市温州大道温州火车站,√,√,√
涡阳站（既有）,安徽省亳州市涡阳县站前路1号（西）,√,√,√
无为站,安徽省芜湖市无为县福渡镇,√, , 
无锡东站（高铁）,江苏省无锡市锡山区安镇镇（无具体门牌号）,√, , 
无锡新区站（城际）,江苏省无锡市新区珠江路80号,√, , 
无锡站（既有/高铁）,江苏省无锡市崇安区车站路1号（南）/无锡市崇安区锡澄路中央车站旁（无具体门牌号）（北）,√,√,√
芜湖站（既有）,安徽省芜湖市镜湖区文化路18号,√,√,√
武义站,浙江省武义县白洋街道明招路1389号,√, , 
歙县北站（高铁）,安徽省黄山市歙县富堨镇歙县北站,√, , 
歙县站（既有）,安徽省黄山市歙县新安路89号,√, , 
夏邑县站（既有）,河南省商丘市夏邑县车站镇站前路西段,√,√,√
仙林站（城际）,江苏省南京市栖霞区312国道仙林大学城南京技师学院北门,√, , 
新桥站（既有）,上海市松江区新桥镇新育路,√, , 
新沂站（既有）,江苏省新沂市徐海路88号,√,√,√
徐州东站（高铁）,江苏省徐州市东郊经济开发区,√, , 
徐州站（既有）,江苏省徐州市津浦西路202号,√,√,√
宣城站（既有）,安徽省宣城市叠嶂东路104号,√,√,√
盐城站（既有）,江苏省盐城市范公路69号,√,√,√
雁荡山站（客专）,浙江省温州市乐清市雁荡镇,√, , 
扬州站（既有）,江苏省扬州市文昌西路扬州火车站,√,√,√
阳澄湖站（城际）,江苏省昆山市正仪镇前进西路、新城路口,√, , 
洋河站（既有）,江苏省宿迁市洋河新区,√,√,√
叶榭站（既有）,上海市松江区叶榭镇叶权路,√, , 
宜兴站（高铁）,江苏省宜兴市丁蜀镇梅园村,√, , 
义乌站（既有/高铁）,义乌市北站大道333号,√,√,√
颖上站（既有）,安徽省阜阳市颖上县黄桥镇, , , 
永嘉站（客专）,浙江省温州市永嘉县黄田街道千石村永嘉火车站,√, , 
永康站,浙江省永康市火车站,√,√,√
余杭站（高铁）,浙江省杭州市余杭区迎宾路号余杭高铁（南）,√, , 
余姚北站（高铁）,浙江省余姚市凤山街道五星村（南、北）,√, , 
余姚站（既有）,浙江省余姚市火车站路1号,√,√,√
虞城县站（既有）,河南省商丘市虞城县城关镇车站路中段,√,√,√
镇江南站（高铁）,江苏省镇江市丹徒区312国道与檀山路交界口,√, , 
镇江站（城际）,江苏省镇江市润州区黄山西路,√, , 
镇江站（既有）,江苏省镇江市润州区中山西路73号,√, , 
诸暨站（既有/高铁）,诸暨市艮塔西路168号,√,√,√
庄桥站（高铁）,浙江省宁波市江北区庄桥火车站,√, , 
安仁,湖南省安仁县军山乡芙塘村,√, , 
安溪,福建省泉州市安溪县城厢镇砖文村,√, , 
茶陵南,湖南省茶陵县下东乡桥边街道,√, , 
长汀南,福建省龙岩市长汀县策武镇麻陂村长汀南火车站,√, , 
大余,江西省大余县黄龙镇大余火车站,√, , 
德安,江西省德安县火车站,√, , 
德兴,江西省上饶市德兴市龙头山乡,√, , 
定南,江西省定南县定南火车站,√, , 
东乡,江西省东乡县迎宾大道站前路,√,√,√
分宜,江西省分宜县站前路,√, , 
丰城,江西省丰城市站前西路104号,√, , 
丰城南,江西省丰城市荣塘镇,√, , 
福安,福建省福安市湾坞村,√, , 
福鼎,福建省福鼎市丹岐村,√, , 
福清,福建省福清市龙江街道苍霞村福清火车站,√, , 
福州,福建省福州市晋安区华林路502号,√,√,√
福州南,福建省福州市仓山区城门镇胪雷村站前路1号,√, , 
抚州,江西省抚州市高新技术开发区揭暄大道抚州火车站,√, , 
抚州东站,江西省抚州市东乡区抚州东高铁站,√, , 
赣州,江西省赣州市章贡区赣州火车站,√,√,√
高安,江西省高安市瑞阳新区,√, , 
共青城,江西省共青城甘露区,√, , 
古田,福建省古田县黄田镇,√, , 
古田北,福建省宁德市古田县黄田镇洋上村,√, , 
古田会址,福建省龙岩市上杭县古田镇古田会址火车站,√, , 
冠豸山,福建省龙岩市连城县朋口镇,√, , 
光泽,福建省光泽县坪山路光泽火车站,√, , 
贵溪站,江西省贵溪市交通路18号,√, , 
涵江,福建省莆田市涵江火车站,√, , 
横峰,江西省横峰火车站,√, , 
湖口,江西省湖口县马影镇通站大道1号,√, , 
华安,福建省华安县华丰镇,√, , 
会昌北,江西省赣州市会昌县西江镇会昌北站,√, , 
惠安,福建省惠安县紫山镇赤土仕尾村惠安动车站,√, , 
吉安,江西省吉安市青原区吉安火车站,√,√,√
建宁县北,福建省建宁县北火车站（黄坊乡武调村）,√, , 
建瓯,福建省建瓯市七里街火车站,√, , 
建瓯西站,福建省建瓯市徐墩镇瑶坪村建瓯高铁西站,√, , 
建阳,福建省建阳区童游镇建阳火车站,√, , 
将乐,福建省将乐县古镛镇玉华村将乐县火车站,√, , 
角美,福州市漳州市角美台商投资区角美火车站,√, , 
进贤,江西省进贤县中山路火车站,√,√,√
进贤南,江西省进贤县民和镇中山南大道进贤南站,√, , 
晋江,福建省晋江市内坑镇上方村,√, , 
井冈山,江西省井冈山市拿山乡火车站,√,√,√
景德镇,江西省景德镇市通站路32号,√,√,√
九江,江西九江市长虹大道236号,√,√,√
乐平市,江西省乐平市迎宾路1号,√, , 
醴陵,湖南省醴陵市解放路1号,√,√,√
连江,福建省连江县江南乡花坞村,√, , 
龙南,江西省龙南县里仁镇龙南火车站,√, , 
龙山镇,福建省南靖县龙山镇火车站,√, , 
龙市,江西省井冈山市龙市镇龙市火车站,√, , 
龙岩,福建省龙岩市新罗区人民路,√, , 
庐山,江西省九江县庐山火车站,√, , 
罗源,福建省罗源县松山镇百花村,√, , 
闽清北,福建省福州市闽清县东桥镇,√, , 
南昌,江西省南昌市二七南路213号,√,√,√
南昌西,江西省南昌市红角洲,√, , 
南城,江西省南城县建昌镇南城火车站,√, , 
南丰,江西省南丰县洽湾镇南丰火车站,√, , 
南靖,福建省漳州市南靖火车站,√, , 
南平北站,福建省南平市延平区夏道镇南平高铁北站,√, , 
南平南,福建省南平市水东工业路100号,√, , 
宁德,福建省宁德市东桥区樟湾镇土尾村,√, , 
彭泽,江西省彭泽县芙蓉墩镇凉亭村,√, , 
萍乡,江西省萍乡市站前路,√,√,√
萍乡北,江西省萍乡市上粟县彭高镇,√, , 
莆田,福建省莆田市秀屿区笏石镇莆田火车站,√, , 
泉州,福建省泉州丰泽区高铁火车站,√, , 
泉州东,福建省泉州市城东火车站,√, , 
瑞昌,江西省瑞昌市农贸街,√, , 
瑞昌西,江西省瑞昌市大路上村东侧,√, , 
瑞金,江西省瑞金市象湖镇瑞金火车站,√, , 
三明,福建省三明市三元区工业南路117号,√,√,√
三明北,福建省沙县虬江街道洋坊村三明北火车站,√, , 
上饶,江西省上饶市信州区沙溪镇松山村,√, , 
邵武,福建省邵武市解放中路344号,√, , 
顺昌,福建省顺昌县双溪街道货场路1号,√, , 
太姥山,福建省福鼎市秦屿镇,√, , 
泰和,江西省泰和县澄江镇,√, , 
泰宁,福建省泰宁县杉城镇丰岩村泰宁火车站,√, , 
万年,江西省万年县陈营镇建明路1号,√, , 
五府山,江西省上饶市上饶县四十八镇,√, , 
武夷山,福建省武夷山市新丰街道站前路1号,√,√,√
武夷山北站,福建省武夷山市崩埂村武夷山高铁北站,√, , 
武夷山东站,福建省南平市建阳区将口镇武夷山高铁东站,√, , 
婺源,江西省上饶市婺源县蚺城街道上梅州村,√, , 
峡江,江西省吉安市峡江县峡江火车站,√, , 
霞浦,福建省霞浦县赤岸村,√, , 
厦门,福建省厦门市厦禾路900号,√,√,√
厦门北,福建省厦门市集美区后溪镇岩内村,√, , 
厦门高崎,福建省厦门湖里区中埔高崎火车站,√, , 
仙游,福建省莆田市仙游县枫亭镇辉煌村,√, , 
向塘,江西省南昌县向塘镇火车站,√,√,√
新干,江西省新干县善政路,√, , 
新余,江西省新余市渝水区胜利北路1号,√,√,√
新余北,江西省新余市渝水区下村镇,√, , 
信丰,江西省赣州市信丰县信丰火车站,√,√,√
兴国,江西省赣州市兴国县火车站,√,√,√
炎陵,湖南省株洲市炎陵县炎陵霞阳东路,√, , 
None,江西省宜春市袁州区下浦街道,√,√,√
弋阳,江西省上饶地区弋阳县弋江镇东站南路31号,√, , 
鹰潭,江西省鹰潭市月湖区四海路1号,√,√,√
鹰潭北站,江西省鹰潭市信江新区江北办事处周塘村北侧,√, , 
永安,福建省永安市燕东街道燕江东路1286号,√,√,√
永定,福建省龙岩市永定县凤城镇永定门,√, , 
永泰,福建省永泰县城峰镇刘歧村永泰火车站,√, , 
永修,江西省永修县白莲路75号,√, , 
攸县南,湖南省攸县渌田镇福田村,√, , 
尤溪,福建省尤溪县西城镇柒口北街153号尤溪火车站,√, , 
于都,江西省于都县贡江镇,√, , 
余江,江西省余江县邓埠镇站前北路,√, , 
玉山,江西省玉山县冰溪镇后垄村墩上,√, , 
玉山南,上饶市玉山县六都乡玉山南火车站,√, , 
云霄,福建省云霄县莆美镇马山村火车站,√, , 
漳平,福建省漳平市站前路,√,√,√
漳浦,福建省漳浦县大南坂镇漳浦火车站,√, , 
漳州,福建省漳州市龙海颜厝镇,√, , 
漳州东,福建省漳州市龙文区郭坑镇,√,√,√
樟树,江西省樟树市吴城路1号,√, , 
樟树东,江西省樟树市阁山镇,√, , 
诏安,福建省漳州市诏安县西潭乡诏安动车站,√, , 
资溪,江西省资溪县鹤城镇,√, , 
None,湖南省益阳市安化县平口镇新正路,√, , 
白马井,海南省儋州市王五镇新地村,√, , 
板塘,湖南省湘潭市岳塘区板塘乡,√, , 
北滘,广东省佛山市顺德区北滘镇西海村群力路与三乐路交叉口,√, , 
碧江,广东省佛山市顺德区北滘镇碧江村长宁路17号对面,√, , 
博鳌,海南省琼海市中原镇,√, , 
长沙,湖南省长沙市芙蓉区车站中路406号,√,√,√
长沙南,湖南省长沙市雨花区花候路,√, , 
常德,湖南省常德市武陵区常德大道,√,√,√
常平,广东省东莞市常平镇口岸大道13号,√, , 
常平东,广东省东莞市常平镇常东路,√, , 
潮汕,广东省潮州市潮安县沙溪镇,√, , 
潮阳,广东省汕头市潮阳区谷饶镇,√, , 
None,广东省潮州市枫溪区新风路,√,√,√
None,湖南省郴州市解放路1号,√,√,√
郴州西,湖南省郴州市开发区增湖路,√, , 
None,湖南省怀化市辰溪县火马冲镇,√, , 
None,湖南省张家界市慈利县零阳镇火车站路16号,√, , 
大丰,湖南省株洲市云龙大道与红旗中路交汇处附近,√, , 
None,广东省梅州市大埔县三河镇,√, , 
大旺,广东省肇庆市大旺高新区迎宾大道,√, , 
丹霞山,广东省韶关市仁化县周田镇平甫村,√, , 
低庄,湖南省怀化市溆浦县低庄镇,√, , 
鼎湖东,广东省肇庆市鼎湖区永安镇,√, , 
鼎湖山,广东省肇庆市鼎湖区桂城街道,√, , 
东方,海南省东方市解放东路,√, , 
东升,广东省中山市东升镇,√, , 
东莞,广东省东莞市石龙镇西湖区环湖西路,√, , 
东莞东,广东省东莞市常平镇常东路,√,√,√
洞井,湖南省长沙市雨花区中意一路与桃花塅路交汇口东北角,√, , 
端州,广东省肇庆市端州区肇庆大道与庆迎路交叉口,√, , 
None,广东省梅州市丰顺县汤坑镇,√, , 
凤凰机场,海南省三亚市凤凰镇机场路,√, , 
None,广东省佛山市禅城区文昌西路12号,√,√,√
佛山西,广东省佛山市南海区狮山镇,√, , 
芙蓉南,湖南省长沙市长沙生态动物园入口南侧,√, , 
福山镇,海南省澄迈县福山镇,√, , 
福田,广东省深圳市福华一路与益田路交汇处,√, , 
高州,广东省高州市站前路,√, , 
古镇,广东省中山市古镇镇同兴路,√, , 
光明城,广东省深圳市光明新区光明街道凤凰社区,√, , 
广宁,广东省肇庆市广宁县南街镇巷口村,√, , 
None,广东省广州市越秀区环市西路159号,√,√,√
广州北,广东省广州市花都区站前路1号,√, , 
广州东,广东省广州市天河区东站路1号,√,√,√
广州南,广东省广州市番禺区钟村镇石壁村,√, , 
海口,海南省海口市粤海大道,√,√,√
海口东,海南省海口市龙华区凤翔西路,√, , 
汉寿,湖南省常德市汉寿县太子庙镇,√, , 
None,广东省河源市和平县阳明镇龙湖村,√, , 
None,广东省河源市源城区建设大道西1号,√,√,√
荷塘,湖南省湘潭市岳塘区芙蓉大道与北二环交汇口以北,√, , 
None,湖南省衡阳市衡东县新塘镇文峰南路,√, , 
衡山西,湖南省衡阳市衡山县开云镇新坪村,√, , 
衡阳,湖南省衡阳市珠晖区车站坪1号,√,√,√
衡阳东,湖南省衡阳市珠晖区酃湖乡茅坪村,√, , 
鲘门,广东省汕尾市海丰县鲘门镇新乡村,√, , 
虎门,广东省东莞市虎门镇白沙社区站北路1号,√, , 
None,广东省梅州市五华县华城镇,√, , 
怀化,湖南省怀化市鹤州路1号,√, , 
怀化南,湖南省怀化市鹤城区盈口乡岩头村,√, , 
怀集,广东省肇庆市怀集县怀高村,√, , 
黄流,海南省乐东黎族自治县黄流镇孔汶村,√, , 
None,湖南省怀化市会同县林城镇将军北路,√, , 
惠东,广东省惠州市惠东县稔山镇石井村旁,√, , 
惠环,广东省惠州市陈江镇仲恺大道协和医院东侧,√, , 
None,广东省惠州市惠城区大道（小金口段）57号,√,√,√
惠州南,广东省惠州市惠阳区淡水镇大浦村爱民东路,√, , 
None,广东省惠州市惠城区永通路三号,√, , 
None,湖南省吉首市人民北路1号,√,√,√
尖峰,海南省乐东黎族自治县佛罗镇新丹村路口内,√, , 
江门东,广东省江门市江海区五邑路,√, , 
None,广东省揭阳市榕城区黄岐山大道北,√,√,√
金月湾,海南省东方市板桥镇,√, , 
None,湖南省怀化市靖州县境内渠阳镇红星路105号、106号,√, , 
九郎山,湖南省株洲市石峰区白马垅村,√, , 
葵潭,广东省揭阳市惠来县葵潭镇吉镇村,√, , 
老城镇,海南省澄迈县老城镇玉楼村,√, , 
乐昌,广东省乐昌市昌山中路22号,√, , 
乐昌东,广东省乐昌市长来镇和村,√, , 
乐东,海南省乐东县九所镇九所新区,√, , 
None,广东省湛江市雷州市白沙镇承乙环保砖厂旁,√, , 
None,湖南省耒阳市车站路1号,√, , 
耒阳西,湖南省耒阳市三顺办事处三顺村,√, , 
None,湖南省娄底市冷水江市金竹东路,√, , 
None,湖南省常德市澧县金罗镇,√, , 
醴陵东,湖南省醴陵市长庆示范区,√, , 
沥林北,广东省惠州市仲恺区沥林镇文化广场后,√, , 
None,湖南省涟源市城站路1号,√, , 
临高南,海南省临高县博厚镇,√, , 
临澧,湖南省常德市临澧县安福镇芭蕉社区,√, , 
None,湖南省岳阳市临湘市五里牌车站南街,√, , 
陵水,海南省陵水黎族自治县椰林北大道269号,√, , 
None,广东省河源市龙川县新城开发区,√,√,√
龙丰,广东省惠州市惠城区仲恺大道一城峯景附近,√, , 
None,湖南省娄底市氐星路,√,√,√
娄底南,湖南省娄底市万宝新区芭蕉镇,√, , 
陆丰,广东省汕尾市陆丰市城东镇高美村,√, , 
None,湖南省岳阳市云溪区路口镇,√, , 
None,湖南省怀化市麻阳县高村镇高垅社区1号,√, , 
茂名,广东省茂名市站北五路1号,√, , 
梅州,广东省梅州市彬芳大道南,√,√,√
美兰,海南省海口市美兰区海口美兰国际机场对面,√, , 
None,湖南省古丈县罗依溪镇,√, , 
None,湖南省汨罗市车站路,√, , 
汨罗东,湖南省汨罗市龙舟南路,√, , 
明珠,广东省珠海市香洲区明珠北路35号,√, , 
暮云,湖南省长沙市天心区暮云街道,√, , 
南江口,广东省云浮市郁南县南江口镇南瑶村,√, , 
南朗,广东省中山市南朗镇佳朗路通佳鞋厂旁,√, , 
南头,广东省中山市南头镇南头大道,√, , 
南雄,广东省韶关市南雄市雄州街道办事处,√, , 
宁乡,湖南省长沙市宁乡县车站路,√, , 
平湖,广东省深圳市龙岗区平湖街道上大街119号,√, , 
坪石,广东省乐昌市坪石镇岭南路25号,√, , 
普宁,广东省揭阳市普宁市流沙镇马栅乡,√, , 
祁东,湖南省衡阳市祁东县双桥镇林星村,√, , 
祁阳,湖南省永州市祁阳站浯溪镇长虹路,√, , 
棋子湾,海南省昌江县乌烈镇道隆村,√, , 
前山,广东省珠海市香洲区前山港昌路666号,√, , 
清远,广东省清远市清城区洲心镇洲沙村,√, , 
庆盛,广东省广州市南沙区东涌镇庆沙路88号,√, , 
琼海,海南省琼海市嘉积镇,√, , 
饶平,广东省潮州市饶平县高塘镇,√, , 
容桂,广东省佛山市容桂街道扁滘村,√, , 
None,广东省佛山市三水区西南街道站前街1号,√, , 
三水北,广东佛山市三水区西南街道南丰大道轻轨三水北站,√, , 
三水南,广东省佛山市三水区洲边镇,√, , 
三亚,海南市三亚市育秀路10号,√,√,√
汕头,广东省汕头市龙湖区泰山路,√,√,√
汕尾,广东省汕尾市城区东涌镇,√, , 
韶关,广东省韶关市浈江区西联镇滨江1路1号,√, , 
韶关东,广东省韶关东市浈江区南韶路56号,√, , 
韶山南,湖南省韶山市清溪镇韶南村,√, , 
None,湖南省邵阳市邵东县红岭路,√, , 
None,湖南省邵阳市大祥区魏源广场,√,√,√
邵阳北,湖南省邵阳市新邵县坪上镇,√, , 
None,广东省深圳市罗湖区建设路1003号,√,√,√
深圳北,广东省深圳市龙华新区致远中路28号,√, , 
深圳东,广东省深圳市龙岗区吉华路94号,√,√,√
深圳坪山,广东省深圳市坪山新区丹梓西路,√, , 
None,广东省深圳市南山区学府路西,√,√,√
神州,海南省万宁市莲花村,√, , 
狮山,广东省佛山市南海区狮山镇兴业中路,√, , 
狮山北,广东省佛山市南海区狮山镇桃园西路,√, , 
石门县北,湖南省常德市石门县东城,√, , 
始兴,广东省韶关市始兴县太平镇,√, , 
树木岭,湖南省长沙市劳动东路与树木岭路交界处,√, , 
双峰北,湖南省娄底市双峰县洪山殿镇龟灵村,√, , 
顺德,广东省佛山市顺德区伦教镇三洲村北傍中路,√, , 
顺德学院,广东省佛山市顺德区大良街道逢沙村,√, , 
四会,广东省四会市大沙镇,√, , 
松桃,贵州省铜仁市松桃苗族自治县孟溪镇,√, , 
唐家湾,广东省珠海市高新区金凤路399号,√, , 
田心东,湖南省株洲市石峰区田心东门聋哑学校旁,√, , 
None,湖南省怀化市通道侗族自治县县溪镇,√, , 
铜仁,贵州省铜仁市碧江区清水北路1-1,√, , 
万宁,海南省万宁市环市二西路,√, , 
文昌,海南省文昌市文城镇南阳路,√, , 
西湖东,广东省惠州市惠城区环城西二路西湖丽日旁,√, , 
先锋,湖南省长沙市天心区芙蓉南路友阿奥特莱斯北面,√, , 
香樟路,湖南省长沙市雨花区圭塘路与香樟东路交汇口,√, , 
湘府路,湖南省长沙市湘府东路与圭塘路交汇口东侧,√, , 
湘潭,湖南省湘潭市雨湖区车站路556号,√,√,√
湘潭北,湖南省湘潭市九华经济开发区银盖北路,√, , 
None,湖南省湘乡市望春门办事处东风路1号,√, , 
小金口,广东省惠州市惠城区惠州大道,√, , 
小榄,广东省中山市小榄镇绩东一村,√, , 
None,湖南省娄底市新化县上梅镇天华南路,√, , 
新化南,湖南省新化县洋溪镇,√, , 
新晃,湖南省怀化市新晃县晃州东路28号,√, , 
新晃西,湖南省新晃侗族自治县方家屯村,√, , 
新会,广东省江门市新会区东甲村,√, , 
信宜,广东省信宜市丁堡镇19塘管理区塘面村,√, , 
None,广东省兴宁市兴南大道,√, , 
None,广东省湛江市徐闻县红旗一路,√, , 
None,湖南省怀化市溆浦县卢峰镇张家桥,√, , 
溆浦南,湖南省怀化市溆浦县北斗溪镇,√, , 
崖州,海南省三亚市崖州区崖保路,√, , 
亚龙湾,海南省三亚市吉阳区吉阳大道,√, , 
None,广东省阳春市迎宾大道,√, , 
益阳,湖南省益阳市赫山区金山路,√, , 
银瓶,广东省东莞市谢岗镇谢山村,√, , 
银滩,海南省儋州市光村镇,√, , 
英德,广东省清远市英德市大站镇,√, , 
英德西,广东省英德市英城街道长岭村委会,√, , 
永州,湖南省永州市冷水滩区潇湘大道,√,√,√
郁南,广东省云浮市郁南县平台镇古勉村,√, , 
源潭,广东省清远市源潭镇跃进路1号,√, , 
岳阳,湖南省岳阳市岳阳楼区站前路9号,√,√,√
岳阳东,湖南省岳阳市巴陵东路梅溪乡,√, , 
云东海,广东省佛山市三水区云东海街道基塘,√, , 
云浮东,广东省云浮市云浮新区都杨镇,√, , 
云山,广东省惠州市云山西路惠州艺术中心,√, , 
None,广东省湛江市麻章区英豪村,√, , 
None,湖南省张家界市永定区官黎坪办事处,√,√,√
None,广东省东莞市樟木头镇南城广场路2号,√, , 
樟木头东,广东省东莞市谢岗镇文裕路,√, , 
昭山,湖南省湘潭市昭山乡,√, , 
None,广东省肇庆市端州区站北路2号,√,√,√
肇庆东,广东省肇庆市鼎湖区永安镇大朗村西旺自然村,√, , 
芷江,湖南怀化市芷江侗族自治县竹坪铺乡蟒塘溪村,√, , 
中山,广东省中山市火炬开发区泗门村,√, , 
中山北,广东省中山市石岐区民盈西路,√, , 
仲恺,广东省惠州市仲恺高新区仲恺大道,√, , 
株洲,湖南省株洲市芦淞区人民南路103号,√,√,√
株洲南,湖南省株洲市芦淞区枫溪办事处南华村,√, , 
株洲西,湖南省株洲市天元区群丰镇响塘村藕花组,√, , 
珠海,广东省珠海市香洲区拱北街道昌盛路5号,√, , 
珠海北,广东省珠海市高新区经济港北围车站路,√, , 
百色,广西壮族自治区百色市右江区站前大道103号,√,√,√
北海,广西壮族自治区北海市海城区站前路北京路口,√, , 
北流,广西壮族自治区北流市北流镇鸭埌村,√, , 
册亨,贵州省黔西南州册亨县巧马镇,√, , 
岑溪,广西壮族自治区岑溪市站前大道1号,√, , 
崇左,广西壮族自治区崇左市江南路45号,√, , 
道州,湖南省道县营江乡百地头社区,√, , 
东安东,湖南省东安县舜黄大道（天成实验学校对面）,√,√,√
防城港北,广西壮族自治区防城港市防城区金花茶大道,√, , 
扶绥,广西壮族自治区扶绥县新宁镇新华路206号,√, , 
富川,广西壮族自治区富川县古城镇塘贝村,√, , 
贵港,广西壮族自治区贵港市江北东路518号,√,√,√
桂林,广西壮族自治区桂林市中山南路39号,√, , 
桂平,广西壮族自治区桂平县西山镇,√, , 
合浦,广西壮族自治区合浦县廉州镇还珠南路,√, , 
河唇,广东省廉江市河唇镇,√, , 
贺州,广西壮族自治区贺州市黄田镇,√, , 
化州,广东省化州市站前路139号,√, , 
江华,湖南省江华县江华大道,√, , 
江永,湖南省永州市江永县上江圩镇江永火车站,√, , 
金城江,广西壮族自治区河池市解放路02号,√,√,√
来宾,广西壮族自治区来宾市兴宾区铁道一路84号,√,√,√
来宾北,广西壮族自治区来宾市东环大道环站路,√, , 
濑湍,广西壮族自治区崇左市江州区濑湍镇,√, , 
黎塘,广西壮族自治区宾阳县黎塘镇黎塘火车站,√,√,√
廉江,广东省廉江市廉城镇环市东路,√, , 
零陵,湖南省永州市零陵区,√, , 
柳州,广西壮族自治区柳州市南站路6号,√, , 
陆川,广西壮族自治区陆川县陆欣路七区1号,√, , 
鹿寨,广西壮族自治区鹿寨县鹿寨镇建中南路27号,√, , 
茂名西,广东省茂名市油城一路51号,√,√,√
南丹,广西壮族自治区南丹县锡都路72号,√, , 
南宁,广西壮族自治区南宁市西乡塘区中华路82号,√,√,√
宁明,广西壮族自治区宁明县城中镇,√, , 
平果,广西壮族自治区平果县龙江路346号,√, , 
平南南,广西壮族自治区贵港市镇龙镇天竹村石冲屯,√, , 
凭祥,广西壮族自治区凭祥市南大路336号,√, , 
钦州东,广西壮族自治区钦州市幸福东大街,√, , 
渠旧,广西壮族自治区扶绥县渠旧镇,√, , 
渠黎,广西壮族自治区扶绥县渠黎镇舞龙街6号,√, , 
全州南,广西壮族自治区全州县城西区城西大道尽头,√, , 
容县,广西壮族自治区玉林市容县站前大道520号,√, , 
融安,广西壮族自治区融安县东兴路001号,√,√,√
融水,广西壮族自治区融水县大旗山路31号,√,√,√
三江县,广西壮族自治区三江县古宜镇寨准村,√, , 
双牌,湖南省双牌县五里牌镇开发区,√, , 
遂溪,广东省遂溪县文仓路18号,√, , 
藤县,广西壮族自治区梧州市藤县潭东镇礼秀村,√, , 
田林,广西壮族自治区百色市田林县乐里镇河南路339号,√, , 
田阳,广西壮族自治区百色市田阳县田州镇金狮路11号,√, , 
亭亮,广西壮族自治区崇左市宁明县亭亮镇,√, , 
文地,广西壮族自治区博白县文地镇江滨路009号,√, , 
梧州,广西壮族自治区梧州市长洲区湖滨路168号,√,√,√
梧州南,广西壮族自治区梧州市龙圩盘龙岭,√, , 
夏石,广西壮族自治区凭祥市夏石镇,√, , 
兴安北,广西壮族自治区兴安县西山村,√, , 
兴业,广西壮族自治区兴业县兴良路1号,√, , 
兴义,贵州省黔西南州兴义市顶效开发区白云路2号,√,√,√
牙屯堡,湖南省通道县牙屯堡镇,√, , 
宜州,广西壮族自治区河池市宜州区庆远镇迎宾大道2号,√, , 
永福南,广西壮族自治区永福县凤城路迎宾大道159号,√, , 
玉林,广西壮族自治区玉林市城站路1号,√,√,√
湛江,广东省湛江市霞山区解放西路40号,√,√,√
南宁东,广西壮族自治区南宁市青秀区长虹路66号,√, , 
桂林北,广西壮族自治区桂林市叠彩区站前路6号,√,√,√
恭城,广西壮族自治区桂林市恭城瑶族自治县平安乡李家村,√, , 
桂林西,广西壮族自治区桂林市灵川县定江镇庄上村,√, , 
阳朔,广西壮族自治区桂林市阳朔县兴坪镇饭甑山村,√, , 
三江南,广西壮族自治区柳州市三江侗族自治县古宜镇泗联村,√, , 
宾阳,广西壮族自治区南宁市宾阳县黎塘镇桥美村,√, , 
鹿寨北,广西壮族自治区鹿寨县平山镇大洋坪屯,√, , 
罗城,广西壮族自治区罗城县小长安镇牛毕村,√, , 
柳江,广西壮族自治区柳州市柳江区新站路35号,√, , 
南宁西,广西壮族自治区南宁市西乡塘区坛洛镇群南村坛地坡,√, , 
隆安东,广西壮族自治区南宁市隆安县南圩镇光明村,√, , 
田东北,广西壮族自治区百色市田东县平马镇子安村子桑屯,√, , 
靖西,广西壮族自治区靖西市新靖镇其荣村,√, , 
德保,广西壮族自治区百色市德保县城关镇隆迷村,√, , 
钟山西,广西贺州市钟山县北环东路,√, , 
博白,广西壮族自治区玉林市博白县三滩镇亚桥村,√, , 
安靖,四川成都市郫县安靖镇雍渡村,√, , 
安顺,贵州省安顺市西秀区南华路1号,√, , 
巴中,四川省巴中市巴州区玉堂街道办事处北龛社区四社,√, , 
白沙,重庆市江津区白沙镇滩盘社区白沙火车站,√, , 
北碚,重庆市北碚区龙凤一村,√, , 
苍溪,四川省苍溪县陵江镇群丰村,√, , 
草海,贵州省威宁县草海镇,√, , 
长寿,重庆市长寿区晏家镇石门村,√, , 
长寿北,重庆市长寿区渡舟镇幸福大道1号,√, , 
长寿湖,重庆市长寿区双龙镇天堂村长寿湖高铁站,√, , 
成都,四川省成都市金牛区站东路1号,√,√,√
成都东,四川省成都市成华区保和街道万科路4号,√,√,√
成都南,成都市高新区天仁北二街火车南站,√, , 
达州,四川省达州市通川区朝阳西路路94号,√, , 
大关,云南省昭通市大关县天星镇,√, , 
大英东,四川省遂宁市大英县蓬莱镇红旗桥凉湾村,√, , 
德昌,四川省凉山州德昌县德州镇,√,√,√
德阳,四川省德阳市黄山路三段100号,√,√,√
垫江,重庆市垫江县桂阳街道文毕社区,√, , 
都江堰,四川省成都市都江堰市永安大道紫荆城旁,√, , 
都匀,贵州省都匀市小围寨王家司村,√,√,√
独山,贵州省独山县麻万镇,√, , 
峨边,四川省乐山市峨边彝族自治县沙坪镇马嘶溪路5号,√, , 
峨眉,四川省峨眉山市胜利镇南陈街,√,√,√
峨眉山,峨眉山市秀湖大道高铁峨眉山站,√, , 
丰都,重庆市丰都县丁庄社区丰都火车站,√, , 
涪陵,重庆市涪陵区沙溪沟移民点涪陵火车站,√,√,√
涪陵北,重庆市涪陵区李渡新区致韩镇,√, , 
福泉,贵州省福泉市马场坪镇笔山路,√, , 
复盛,重庆市江北区复盛镇,√, , 
甘洛,四川省凉山州甘洛县新市坝镇甘越路,√, , 
赶水,重庆市綦江区赶水镇火车站,√, , 
广安,四川省广安市前锋区,√,√,√
广安南,四川省广安市枣山物流园区广安南火车站,√, , 
广汉,四川省广汉市雒城镇站北路,√, , 
广元,四川省广元市利州区上西坝街道则天路,√, , 
贵定,贵州省贵定县公园路,√, , 
贵定南,贵州省贵定县昌明镇,√, , 
贵阳,贵州省贵阳市南明区遵义路296号,√,√,√
汉源,四川省汉源县乌斯河镇进站路,√, , 
合川,重庆市合川区高阳大道合川火车站,√,√,√
华蓥,四川省华蓥市迎宾路280号,√, , 
简阳,四川省简阳市简城镇火车站路,√, , 
简阳南,四川省简阳市简城镇高屋村简阳南高铁站,√, , 
江津,重庆市江津区德感镇上新路10号,√, , 
江油,四川省江油市建设北路中段,√,√,√
开江,四川省开江市任市区梅家垭口万欣社区5号,√, , 
凯里,贵州省凯里市清江路88号,√,√,√
阆中,四川省南充市阆中市江南镇金银观村阆中火车站,√, , 
乐山,四川省乐山市夹江县漹城镇迎春北路196号,√, , 
乐山,乐山市市中区宝莲路高铁乐山站,√, , 
离堆公园,四川省都江堰市幸福镇迎宾路口,√, , 
梁平,重庆市梁平县合兴镇护城村,√, , 
梁平南,重庆市梁平区丹桂大道月桂路口,√, , 
六盘水,贵州省六盘水市钟山区水西路,√,√,√
六枝,贵州省六盘水市六枝特区平寨镇交通西路,√,√,√
龙里,贵州省黔南苗族自治州龙里县,√, , 
隆昌,四川省内江市隆昌县金鹅镇跃进街371号,√,√,√
麻尾,贵州省独山县麻尾镇,√, , 
眉山,四川省眉山市东坡区铁环路,√,√,√
眉山东站,四川省眉山市东坡区眉山东高铁站,√, , 
米易,四川省攀枝花市米易县攀莲镇顺达路19号,√,√,√
绵阳,四川省绵阳市涪城区临园路西段62号,√,√,√
冕宁,四川省凉山彝族自治州冕宁县泸沽镇交南路89号,√,√,√
内江,四川省内江市市中区铁占街40号,√,√,√
南部,四川省南充市南部县老鸦镇望水村站前大道,√, , 
南充,四川省南充市顺庆区铁欣路1号,√,√,√
南充北,四川省南充市顺庆区溹华北路南充北站,√, , 
攀枝花,四川省攀枝花市仁和区金沙江大道东段2号—14号,√,√,√
彭山,四川省眉山市彭山县风鸣镇建设路366号,√, , 
彭山北站,四川省眉山市彭山区锦绣大道1号,√, , 
彭水,重庆市彭水县长滩乡,√, , 
彭州,四川省彭州市西郊顾福桥社区西海西路路68号,√, , 
蓬安,四川省南充市蓬安县相如镇藤茨沟村,√, , 
郫县西,四川省成都市郫县郫筒镇菠萝村,√, , 
平昌,四川省平昌县金宝大道一段,√, , 
普雄,四川省越西县普雄镇迎宾路386号,√,√,√
綦江,四川省重庆市綦江区綦江火车站,√, , 
黔江,重庆市黔江区正阳镇,√,√,√
青城山,四川省成都市青城山高铁站,√, , 
青神站,四川省眉山市青神县的西龙镇马槽寺村附近,√, , 
渠县,四川省渠县天星镇天星社区火车站,√,√,√
荣昌,重庆市荣昌县昌元镇学院路135号,√, , 
三汇镇,四川省达州市渠县三汇镇工矿区17号,√, , 
沙坪坝,重庆市沙坪坝区站东路,√, , 
施秉,贵州省施秉县杨柳塘镇屯上村,√, , 
石柱县,重庆市石柱县下路镇石柱县火车站,√, , 
双流机场站,成都市双流国际机场T2航站楼停车场负一楼,√, , 
双流西站,成都市双流区黄水镇板桥社区5组双流西高铁站,√, , 
双溪,重庆市江北区鱼嘴镇双溪村,√, , 
水富,云南省昭通市水富县高滩坝,√, , 
水江,重庆市南川区水江镇水江火车站,√, , 
遂宁,四川省遂宁经济技术开发区明月路860号,√,√,√
桐子林,四川省攀枝花市盐边县桐子林镇52号,√, , 
桐梓,贵州省桐梓县城关镇,√,√,√
潼南,重庆市潼南区桂林街道办事处高禾村潼南火车站,√, , 
土溪,四川省达州市渠县土溪镇先锋村4组,√, , 
万州,重庆市万州区站前路187号,√, , 
万州北,重庆市万州区周家坝高铁大道二号,√, , 
武隆,重庆市武隆县巷口镇芙蓉东路19号,√, , 
武胜,四川省广安市武胜县万善镇,√, , 
西昌,四川省凉山州西昌市袁家山迎宾路6号,√,√,√
西昌南,四川省凉山州西昌市马道镇西路1号,√, , 
息烽,贵州省贵阳市息烽县永靖镇环城路？,√, , 
犀浦,四川省成都市郫县犀浦镇犀湖街88号,√, , 
喜德,四川省喜德县光明大道487号,√, , 
新津南站,新津县邓双镇兴化路5路1388号新津南高铁站,√, , 
新津站,新津县花源镇关林村12组新津高铁站,√, , 
秀山,重庆市秀山县中和镇武陵南路,√,√,√
盐津,云南省盐津县黄毛坝白水村,√, , 
燕岗,四川省峨眉山市桂花桥镇前进北5号,√, , 
宜宾,四川省宜宾市翠屏区前进路302号,√,√,√
彝良,云南省昭通市彝良县洛泽河镇大寨村,√, , 
迎宾路,四川省都江堰市幸福镇三江路仰天广场,√, , 
营山,四川省营山县城南镇景阳路1号,√,√,√
永川,重庆市永川区火车站南路38号,√, , 
永郎,四川省德昌县永郎镇永胜路184号,√, , 
酉阳,重庆市酉阳县龙潭镇梅树村,√, , 
玉屏,贵州省铜仁市玉屏县平溪镇舞阳村,√,√,√
岳池,四川省广安市岳池县火车站,√, , 
越西,四川省越西县乃托镇乃托街1号,√, , 
昭通,云南省昭通市昭阳区太平办事处,√,√,√
镇远,贵州省镇远县舞阳镇西秀街八组,√, , 
织金,贵州省织金县城关镇外环路,√, , 
重庆,重庆市渝中区南区路240号,√,√,√
重庆北,重庆市渝北区昆仑大道51号附8号,√,√,√
重庆南,重庆市九龙坡区黄桷坪铁路二村222号,√, , 
朱杨溪,重庆市江津区朱杨镇朱杨溪火车站,√, , 
竹园坝,四川省广元市青川县竹园坝镇,√, , 
资阳,四川省资阳市雁江区和平北路2号,√,√,√
资阳北,四川省资阳市雁江区宝台镇资阳北高铁站,√, , 
资中,四川省内江市资中县站东街,√,√,√
自贡,四川省自贡市火车站路1号,√,√,√
遵义,贵州省遵义市红花岗区北京路1号,√,√,√
柏果,贵州省盘州市柏果镇柏果火车站,√, , 
楚雄南,云南省楚雄市开发区振兴路381号楚雄南火车站,√, , 
大理,云南省下关市巍山路大理火车站,√, ,√
甸心,云南省楚雄州禄丰县妥安乡甸心火车站,√, , 
富宁,云南省文山州富宁县新华镇富宁火车站,√, ,√
富源,云南省曲靖市富源县中安镇富源火车站,√, , 
富源北,云南省曲靖市富源县刘家湾富源北火车站,√, ,√
发耳,贵州省六盘水市水城县发耳镇发耳火车站,√, , 
广通北,云南省楚雄州禄丰县广通镇金光路230号广通北火车站,√,√,√
广南县,云南省文山州广南县莲城镇广南县火车站,√, ,√
鹤庆,云南省大理州鹤庆县草海镇鹤庆火车站,√, , 
河口北,云南省红河州河口县槟榔寨河口北火车站,√, , 
黑井,云南省楚雄州禄丰县黑井镇黑井火车站,√, , 
红果,贵州省盘州市红果镇红果火车站,√,√,√
建水,云南省红河州建水县工业园区工业大道中段建水火车站,√, , 
江所田,云南省曲靖市罗平县板桥镇江所田火车站,√, , 
昆明,云南省昆明市官渡区北京路南端昆明火车站,√,√,√
昆明南,昆明市呈贡区吴家营街道昆明南火车站,√, ,√
昆阳,云南省昆明市晋宁县昆阳镇昆阳火车站,√, , 
丽江,云南省丽江市玉龙县黄山镇南口工业园区丽江火车站,√, ,√
陆良,云南省曲靖市陆良县召夸镇陆良火车站,√, , 
禄丰南,云南省楚雄州禄丰县金山镇禄丰南火车站,√, , 
罗平,云南省曲靖市罗平县罗平火车站,√, , 
弥勒,云南省红河州弥勒市新哨镇普龙村弥勒火车站,√, ,√
蒙自,云南省红河州蒙自市文澜镇东边余家寨村蒙自火车站,√, , 
蒙自北,云南省蒙自市雨过铺镇蒙自北火车站,√, , 
普者黑,云南省文山州丘北县锦屏镇普者黑火车站,√, ,√
屏边,云南省红河州屏边县玉屏镇平田村屏边火车站,√, , 
盘关,贵州省盘州市盘江镇盘关火车站,√, , 
平关,贵州省盘州市平关乡平关火车站,√, , 
曲靖,云南省曲靖市建宁西路曲靖火车站,√,√,√
曲靖北,云南省曲靖市沾益县西平镇曲靖北火车站,√, ,√
三家寨,贵州省六盘水市水城县营盘乡三家寨火车站,√, , 
师宗,云南省曲靖市师宗县师宗火车站,√,√,√
石林,云南省昆明市石林县鹿阜街道石林火车站,√, , 
石林西,云南省昆明市石林县板桥镇石林西火车站,√, , 
松河,贵州省盘州市松河乡松河火车站,√, , 
嵩明,云南省昆明市嵩明县牛栏江镇蔡家村嵩明火车站,√, , 
通海,云南省玉溪市通海县九街镇通海火车站,√, , 
威箐,贵州省盘州市威箐乡威箐火车站,√, , 
威舍,贵州省兴义市威舍镇威舍火车站,√,√,√
祥云,云南省大理州祥云县祥城镇祥云火车站,√, , 
小新街,云南省嵩明县小新街镇小新街火车站,√, , 
小雨谷,贵州省盘州市响水镇小雨谷火车站,√, , 
宣威,云南省宣威市宛水街道宣威火车站,√,√,√
杨林,云南省嵩明县杨林镇杨林火车站,√, , 
宜良北,云南省昆明市宜良县北古城镇宜良北火车站,√, , 
雨格,贵州省盘州市坪地乡雨格火车站,√, , 
玉溪,云南省玉溪市红塔区大营街镇新西河路玉溪火车站,√, ,√
元谋,云南省楚雄州元谋县能禹镇元谋火车站,√,√,√
白银市,甘肃省白银市建设东路168号白银市车站,√,√,√
白银西,甘肃省白银市白银西车站,√,√,√
长庆桥,甘肃省庆阳市宁县长庆桥镇,√, , 
长征,甘肃省白银市平川区长征车站,√,√,√
大武口,宁夏回族自治区石嘴山市大武口区大武口车站,√, , 
低窝铺,甘肃省甘肃矿区低窝铺车站,√, , 
定边,陕西省榆林市定边县定边车站,√, , 
定西,甘肃省定西市安定区交通路定西车站,√,√,√
定西北,甘肃省定西市安定区新城区2号写字楼后面,√, , 
敦煌,甘肃省敦煌市敦煌车站,√,√,√
甘谷,甘肃省天水市甘谷县新兴镇甘谷车站,√,√,√
皋兰,甘肃省兰州市皋兰县皋兰车站,√, , 
高台,甘肃省张掖市高台县高台车站,√,√,√
高台南,甘肃省张掖市高台县南华镇,√, , 
古浪,甘肃省古浪县火车站路古浪车站,√, , 
固原,宁夏回族自治区固原市原洲区东郊乡固原车站,√,√,√
瓜州,甘肃省瓜州县瓜州车站,√, , 
哈达铺,陇南市宕昌县哈达铺镇,√, , 
河口南,甘肃省兰州市西固区兰维路河口南车站,√, , 
红寺堡,宁夏回族自治区吴忠市红寺堡区红寺堡镇红寺堡车站,√, , 
惠农,宁夏回族自治区石嘴山市惠农区惠农车站,√,√,√
嘉峪关,甘肃省嘉峪关市嘉峪关车站,√,√,√
嘉峪关南,甘肃省嘉峪关市镜铁区文殊镇,√, , 
金昌,甘肃省金昌市永昌县河西堡镇金昌车站,√,√,√
泾川,甘肃省平凉市泾川县城关镇,√, , 
景泰,甘肃省白银市景泰县车站路景泰车站,√,√,√
靖远,甘肃省白银市靖远县乌兰西路靖远车站,√, , 
镜铁山,甘肃省肃南裕固族自治县镜铁山车站,√,√,√
酒泉,甘肃省酒泉市酒泉车站,√,√,√
酒泉南,甘肃省酒泉市肃州区,√, , 
兰州,甘肃省兰州市城关区火车站东路393路兰州车站,√,√,√
兰州西,甘肃省兰州市七里河区兰州西车站,√, , 
兰州新区,甘肃省兰州市永登县,√, , 
临泽,甘肃省张掖市临泽县临泽车站,√,√,√
临泽南,甘肃省张掖市临泽县沙河镇,√, , 
灵武,宁夏回族自治区灵武市灵武车站,√, , 
陇南,陇南市武都区东江新区,√,√,√
陇西,甘肃省定西市陇西县文峰镇陇西车站,√,√,√
绿化,甘肃省嘉峪关市绿化车站,√,√,√
民乐,甘肃省张掖市民乐县洪水镇李尤村,√, , 
岷县,定西市岷县南川区中堡村,√, , 
宁东,宁夏回族自治区银川市灵武市宁东镇境内,√, , 
平凉,甘肃省平凉市崆峒区平凉车站,√,√,√
秦安,甘肃省天水市秦安县西川镇,√, , 
青铜峡,宁夏回族自治区青铜峡市河西区大坝乡青铜峡车站,√,√,√
清水,甘肃省酒泉市清水镇清水车站,√,√,√
清水北,甘肃省酒泉市肃州区清水镇,√, , 
清水县,None,√, , 
山丹,甘肃省山丹县清泉镇山丹车站,√, , 
石嘴山,宁夏回族自治区石嘴山市大武口区石嘴山车站,√,√,√
疏勒河,甘肃省瓜州县三道沟镇疏勒河车站,√, , 
太阳山,宁夏回族自治区吴忠市红寺堡区太阳山镇太阳山车站,√, , 
谭家井,甘肃省武威市古浪县海子滩镇谭家井车站,√, , 
天水,甘肃省天水市麦积区一马路东2号天水车站,√,√,√
天水南,甘肃省天水市麦积区羲皇大道中路,√, , 
天祝,甘肃省武威市天祝藏族自治县天祝车站,√, , 
通渭,甘肃省通渭县平镶镇工业园区对面,√, , 
同心,宁夏回族自治区吴忠市同心县城关镇同心车站,√,√,√
渭南镇,甘肃省天水市麦积区渭南镇乡渭南镇车站,√, , 
武山,甘肃省天水市武山县武山车站,√,√,√
武威,甘肃省武威市凉州区火车站街大新路64号武威车站,√,√,√
武威南,甘肃省武威市凉州区武威南镇武威南车站,√, , 
夏官营,甘肃省兰州市榆中县夏官营镇夏官营车站,√, , 
新阳镇,甘肃省天水市麦积区新阳乡新阳镇车站,√, , 
盐池,宁夏回族自治区吴忠市盐池县盐池车站,√, , 
姚渡,四川省广元市青川县姚渡镇,√, , 
银川,宁夏回族自治区银川市金凤区上海西路710号银川车站,√,√,√
永登,甘肃省兰州市永登县青龙路永登车站,√, , 
榆中,甘肃省兰州市榆中县小康营乡徐家庄村,√, , 
玉门,甘肃省玉门市玉门车站,√,√,√
张家川,甘肃省天水市张家川县恭门镇付川村,√, , 
张掖,甘肃省张掖市甘州区东园镇西路张掖车站,√,√,√
张掖西,甘肃省张掖市甘州区新墩镇,√, , 
中川机场,甘肃省兰州市永登县,√, , 
中宁,宁夏回族自治区中卫市中宁县石空镇中宁车站,√,√,√
中宁东,宁夏回族自治区中卫市中宁县新堡镇中宁东车站,√, , 
中卫,宁夏回族自治区中卫市中卫车站,√,√,√
乌鲁木齐,新疆维吾尔自治区乌鲁木齐市经济技术开发区高铁北六路1号,√,√,√
阿克苏,新疆维吾尔自治区阿克苏地区阿克苏市,√,√,√
阿克陶,新疆维吾尔自治区克孜勒苏柯尔克孜自治州阿克陶县,√, , 
阿拉山口,新疆博尔塔拉蒙古自治州阿拉山口市艾比湖路2号,√,√,√
阿勒泰,新疆维吾尔自治区阿勒泰市,√, , 
阿图什,新疆维吾尔自治区克孜勒苏柯尔克孜自治州阿图什市,√,√,√
巴楚,新疆维吾尔自治区喀什地区巴楚县,√,√　,√　
北屯市,新疆北屯市,√,√,√
博乐,新疆博乐市,√, , 
福海,新疆阿勒泰地区福海县,√, , 
哈密,新疆维吾尔自治区哈密市,√,√,√　
和什托洛盖,新疆农十师184团,√, , 
和硕,新疆维吾尔自治区巴音郭楞蒙古自治州和硕县,√,√,√
和田,新疆维吾尔自治区和田地区和田市北侧拉斯奎镇,√,√,√
霍城,新疆维吾尔自治区霍城县,√, , 
霍尔果斯,新疆维吾尔自治区伊犁哈萨克自治州霍城县六十二团,√,√,√
精河南,新疆精河县,√,√,√
喀什,新疆维吾尔自治区喀什地区喀什市,√,√,√
克拉玛依,新疆维吾尔自治区克拉玛依市,√,√,√
库车,新疆维吾尔自治区阿克苏地区库车县,√,√,√
库尔勒,新疆维吾尔自治区巴音郭楞蒙古自治州库尔勒市,√,√,√
奎屯,新疆奎屯市,√,√,√
柳园,甘肃省瓜州县柳园镇,√,√,√
柳园南,甘肃省瓜州县柳园镇,√, , 
轮台,新疆维吾尔自治区巴音郭楞蒙古自治州轮台县,√, , 
马兰,新疆维吾尔自治区巴音郭楞蒙古自治州乌什塔拉乡,√,√,√
玛纳斯,新疆玛纳斯县,√, , 
墨玉,新疆维吾尔自治区和田地区墨玉县,√, , 
尼勒克,新疆伊犁哈萨克自治州尼勒克县,√, , 
皮山,新疆维吾尔自治区和田地区皮山县,√, , 
沙湾县,新疆沙湾县,√, , 
莎车,新疆维吾尔自治区喀什地区莎车县,√,√,√
鄯善,新疆维吾尔自治区吐鲁番地区鄯善县火车站镇,√,√,√
鄯善北,新疆维吾尔自治区吐鲁番地区鄯善县,√,√,√
石河子,新疆石河子市,√,√,√
疏勒,新疆维吾尔自治区喀什地区疏勒县, , , 
吐哈,新疆维吾尔自治区吐鲁番地区鄯善县,√, , 
吐鲁番,新疆维吾尔自治区吐鲁番市大河沿镇,√,√,√
吐鲁番北,新疆维吾尔自治区吐鲁番市,√,√,√
乌鲁木齐南,新疆维吾尔自治区乌鲁木齐市南站路135号,√,√,√
新和,新疆维吾尔自治区阿克苏地区新和县,√, , 
焉耆,新疆维吾尔自治区巴音郭楞蒙古自治州焉耆县,√,√,√
叶城,新疆维吾尔自治区喀什地区叶城县,√,√,√
伊宁,新疆维吾尔自治区伊犁哈萨克自治州伊宁市,√,√,√
伊宁东,新疆伊犁哈萨克自治州伊宁县,√, , 
英吉沙,新疆维吾尔自治区喀什地区英吉沙县,√, , 
泽普,新疆维吾尔自治区喀什地区泽普县,√, , 
安多,西藏自治区那曲地区安多县,√, , 
海石湾,甘肃省兰州市红古区海石湾镇,√, , 
乐都,青海省海东市乐都区碾伯镇东门巷42号,√,√,√
平安驿,青海省海东市平安区平安镇古驿大道202号,√,√,√
西宁,青海省西宁市互助中路128号,√,√,√
湟源,青海省西宁市湟源县大华镇池汉村,√, , 
德令哈,青海省海西蒙古族藏族自治州德令哈市长江路1号,√,√,√
格尔木,青海省海西蒙古族藏族自治州格尔木市迎宾路39号,√,√,√
那曲,西藏自治区那曲地区那曲镇,√,√,√
拉萨,西藏自治区拉萨市柳梧新区通站路,√,√,√
曲水县,西藏自治区拉萨市曲水县达嘎乡,√, , 
尼木,西藏自治区拉萨市尼木县吞巴乡,√, , 
仁布,西藏自治区日喀则市仁布县切洼乡,√, , 
日喀则,西藏自治区日喀则市桑珠孜区甲措雄乡,√,√,√
民和南,青海省海东市民和回族土族自治县,√, , 
乐都南,青海省海东市乐都区熊沈家村,√, , 
海东西,青海省海东市平安区,√, , 
大通西,青海省西宁市大通县,√, , 
门源,青海省海北藏族自治州门源回族自治县,√, , 
